nigger,2495
a,1335
is,1310
you,1301
the,796
die,748
and,685
jew,650
fat,642
to,613
i,583
gay,555
of,551
suck,389
are,387
mexicans,363
fuck,345
your,329
cunt,308
in,297
that,289
bunksteve,278
it,259
like,255
tommy2010,227
fucking,225
,224
with,208
ancestryfuck-off-jewish,207
my,195
shit,183
yourself,182
spanish,181
have,180
on,180
centraliststupid,179
licker,179
fan-1967,178
this,177
faggot,173
ass,167
kill,165
for,156
get,155
u,154
me,151
drink,150
be,150
bleachanhero,148
not,142
piece,142
bitch,141
do,130
if,129
who,127
so,126
all,117
dont,111
go,110
what,110
stupid,109
as,109
they,108
just,105
youre,103
homo,100
hate,98
can,94
people,92
but,92
about,91
or,91
edie,90
di,90
romney,89
mitt,89
he,85
was,85
by,85
from,78
wikipedia,78
will,77
im,76
an,76
no,75
chink,73
them,72
right,71
off,71
jforget,71
cocksucking,71
at,70
jews,70
-,67
make,67
here,66
am,66
its,65
page,65
american,64
out,64
scum,63
then,63
life,62
why,62
how,60
love,60
up,59
couriano,56
because,56
should,56
some,56
asian,56
stop,55
down,54
think,54
would,54
faggotjéské,54
has,53
his,51
their,50
nl33ers,50
we,50
good,49
know,48
block,48
making,47
come,47
white,47
usernhrhs2010,46
there,46
little,45
other,44
said,44
shitty,44
still,44
were,44
userenigmaman,43
more,43
one,43
d31r,42
want,41
only,40
being,39
racist,38
than,37
even,36
man,36
homosexual,35
also,35
ur,34
when,34
hey,34
post,34
information,33
now,32
world,32
bunch,32
nigga,32
these,32
jewish,32
which,31
nothing,30
fag,30
homosexuals,30
dick,30
cant,30
going,29
time,29
need,29
article,28
computeri,28
doesnt,28
say,28
where,28
mesan,27
hell,27
california,27
vista,27
shitheadi,27
edit,27
arrest,27
again,27
fuckin,27
diego,27
chula,27
those,27
oh,27
her,26
too,26
own,26
ill,26
fucker,26
been,26
see,25
did,25
rape,25
such,25
take,25
had,25
real,24
never,24
give,24
thing,24
job,24
him,24
big,24
black,23
please,23
cock,23
money,23
nazi,23
very,23
got,23
back,23
does,23
ever,23
muslim,22
shes,22
face,22
fucked,22
penis,22
cool,22
pages,21
quit,21
muslims,21
really,21
talk,21
any,21
worse,20
she,20
adding,20
internet,20
articles,20
well,20
hope,20
games,20
thats,20
dirty,20
cult,20
while,20
retarded,20
every,20
could,20
ruin,20
mother,20
use,19
arent,19
f2p,19
comment,19
name,19
much,19
ea,19
wont,19
things,19
delete,19
against,19
over,19
game,19
true,19
mean,18
call,18
blocked,18
mom,18
keep,18
around,18
try,18
edits,18
before,18
bastard,17
look,17
point,17
put,17
dumb,17
2,17
pussy,16
anything,16
most,16
live,16
day,16
guy,16
arguing,16
guys,16
hes,16
asshole,16
better,16
find,16
sad,16
loser,15
gonna,15
user,15
death,15
probably,15
first,15
ip,15
israel,15
fact,15
everyone,15
used,15
old,15
into,14
after,14
wrong,14
work,14
americans,14
wait,14
new,14
place,14
way,14
must,14
doing,14
r,14
something,14
pathetic,14
editing,14
sorry,14
yo,14
wiki,14
tell,14
write,14
site,14
nl33ersi,14
damn,14
korean,13
thought,13
islam,13
son,13
profile,13
someone,13
sucking,13
niggers,13
reason,13
sex,13
until,13
us,13
sources,13
change,13
eat,13
truth,13
watch,13
indian,12
maybe,12
feel,12
learn,12
last,12
da,12
hitler,12
cuz,12
same,12
language,12
already,12
hello,12
believe,12
trying,12
nazis,12
continue,12
great,12
wheelchairi,12
bad,12
women,11
boy,11
views,11
long,11
balls,11
men,11
says,11
motherfucking,11
sure,11
least,11
motherfucker,11
many,11
another,11
comments,11
family,11
actually,11
read,11
wanna,11
anyone,11
added,11
ya,11
sucker,11
let,11
holocaust,11
whore,11
g,11
show,11
both,11
korea,11
called,10
evil,10
head,10
idiots,10
dear,10
race,10
play,10
comes,10
faggots,10
jesus,10
america,10
whole,10
molesting,10
free,10
prick,10
criteria,10
turks,10
under,10
virgin,10
yet,10
list,10
our,10
fool,10
war,10
everything,10
shut,10
anti-semite,10
seriously,10
queer,9
side,9
crap,9
made,9
likes,9
1,9
facts,9
country,9
words,9
god,9
religion,9
4,9
n,9
children,9
mum,9
sucks,9
bet,9
either,9
enough,9
hard,9
lick,9
russian,9
lol,9
warning,9
ugly,9
yeah,9
care,9
party,9
friends,9
thanks,9
small,9
ignorant,9
ive,9
hi,9
idiot,9
else,9
ban,9
didnt,9
isnt,9
aint,9
enjoys,8
banned,8
section,8
though,8
mah,8
dare,8
normal,8
dude,8
stay,8
3,8
dead,8
dahn,8
nation,8
away,8
others,8
homosexuality,8
remember,8
may,8
males,8
girl,8
english,8
might,8
chinese,8
christian,8
calling,8
f,8
useless,8
lies,8
person,8
state,8
once,8
funny,8
deleting,8
without,8
help,8
always,8
bastards,8
killed,8
8d-,8
s,8
through,8
speech,7
jlatondre,7
sick,7
irish,7
whats,7
nerd,7
two,7
disgusting,7
history,7
crazy,7
less,7
stuff,7
claim,7
written,7
support,7
propaganda,7
today,7
cynical,7
dog,7
butt,7
hates,7
leave,7
ps,7
deleted,7
kids,7
told,7
human,7
wtf,7
islamic,7
users,7
liberal,7
city,7
poor,7
arabs,7
omp,7
bible,7
wrote,7
mind,7
billcjs,7
years,7
saying,7
cause,7
boys,7
coming,7
trash,7
lost,7
talking,7
arab,7
far,7
terrorists,7
anymore,7
search,6
neo-nazi,6
understand,6
friend,6
england,6
correct,6
gays,6
since,6
wow,6
vandalize,6
body,6
6,6
throw,6
laid,6
christ,6
child,6
getting,6
ones,6
found,6
twat,6
known,6
motherfuckers,6
text,6
problem,6
bout,6
best,6
lolololololololololololololololololololololololololololololololololololololololololololololololololololololololololololololololololololololololololololololololololololololololololololololololololololololololololololololololol,6
order,6
indians,6
having,6
taken,6
unsigned,6
remove,6
raped,6
wants,6
dicks,6
fascist,6
destroy,6
land,6
bag,6
become,6
british,6
ips,6
obviously,6
hahahahahahahahahahahahahahahahahahahahahahahahahahahahahahahahahahahahahahahahahahahahahahahahahahahahahahahahahahahahahahahahahahahahahahahahahahahahahahahahahahahahahahahahahahahahahahahahahahahahahahahahahahahahahahahahahahahahahahahahahahahahahahahahahahahahahahahahahahahahahahahahahahahahahahahahahahahahahahahahaha,6
guess,6
vagina,6
woman,6
hours,6
pig,6
accept,6
5,6
thank,6
hahaha,6
negro,6
course,6
mental,6
admin,6
jewranger,6
faith,6
wish,6
censor,6
needs,6
word,6
behind,6
german,6
brain,6
done,6
strong,6
cares,6
biggest,6
sina,6
theyre,6
lie,6
moms,6
yes,6
pakistani,6
three,6
came,6
mr,6
germany,6
above,6
makes,6
gs,6
term,6
revert,6
ahead,6
porn,6
inch,6
gawd,6
stick,6
master,6
slut,6
countries,6
wasnt,6
filthy,5
front,5
rsvp,5
hispanic,5
jus,5
ct,5
whites,5
straight,5
rws,5
girls,5
desperado,5
complete,5
gwernol,5
europeans,5
christians,5
stinky,5
year,5
everybody,5
view,5
cum,5
dickwad,5
slim,5
act,5
anti-semites,5
school,5
conway,5
china,5
common,5
female,5
gets,5
stillborn,5
hatred,5
however,5
blocking,5
niggertard,5
sexy,5
message,5
looks,5
ali,5
o,5
bullshit,5
planet,5
cunts,5
ask,5
cus,5
c,5
link,5
created,5
times,5
include,5
awww,5
whatever,5
wit,5
several,5
dvd,5
especially,5
lot,5
albino,5
question,5
defending,5
cut,5
kind,5
finally,5
pov,5
turn,5
news,5
slave,5
e,5
tried,5
queen,5
typical,5
proud,5
retard,5
spent,5
anyway,5
biased,5
martin,5
lover,5
listen,5
h,5
discussion,5
utc,5
reverting,5
m,5
next,5
retards,5
fagget,5
doubt,5
soldiers,5
fine,5
peace,5
burn,5
account,5
cuntcuntcuntcuntcuntcuntcuntcuntcuntcuntcuntcuntcuntcuntcuntcuntcuntcuntcuntcuntcuntcuntcuntcuntcuntcuntcuntcuntcuntcuntcuntcuntcuntcuntcuntcuntcuntcuntcuntcuntcuntcuntcuntcuntcuntcunti,5
society,5
tea,5
ilchee,5
fake,5
house,5
huge,5
bongwarrior,5
spell,5
barnstar,5
clearly,5
rights,5
rules,5
vandalism,5
admins,5
rather,4
illegally,4
id,4
fucken,4
community,4
opinion,4
disgrace,4
itself,4
location,4
wide,4
threat,4
shot,4
kid,4
heil,4
explain,4
born,4
claims,4
believes,4
forestgarden,4
award,4
horse,4
joke,4
sayin,4
niggas,4
pieces,4
turkic,4
russia,4
monkeys,4
spain,4
ima,4
armenians,4
able,4
full,4
run,4
insane,4
policy,4
peoples,4
future,4
hole,4
burned,4
source,4
arabian,4
india,4
shyt,4
main,4
attitude,4
transgender,4
certain,4
shall,4
playing,4
2006,4
lead,4
administrator,4
baby,4
power,4
jack,4
shouldnt,4
modern,4
website,4
discuss,4
political,4
themselves,4
nobody,4
reasons,4
re,4
skin,4
arse,4
hit,4
instead,4
illegal,4
hack,4
—preceding,4
lesbian,4
assyrians,4
chinks,4
event,4
wife,4
moron,4
priest,4
beat,4
bit,4
issues,4
jewfat,4
heard,4
exist,4
fun,4
music,4
important,4
notable,4
self,4
banning,4
wouldnt,4
night,4
cannot,4
anal,4
allah,4
redneck,4
deserve,4
steal,4
mate,4
answer,4
story,4
grow,4
outta,4
proof,4
radio,4
animals,4
bhadva,4
proves,4
expect,4
muhajirs,4
swear,4
completely,4
anus,4
pure,4
reference,4
statement,4
army,4
smelly,4
iran,4
wat,4
fair,4
foreign,4
criminal,4
romance,4
soon,4
along,4
member,4
due,4
stand,4
gayness,4
loving,4
few,4
monkey,4
rude,4
opinions,4
useful,4
win,4
agree,4
ground,4
working,4
mad,4
iranian,4
sin,4
happy,4
special,4
cocksucker,4
punk,4
single,4
boyfriend,4
mark,4
mexican,4
alot,4
thinks,4
personal,4
century,4
zero,4
turkish,4
loik,4
hispanics,4
different,4
beef,4
links,4
catholic,4
european,4
yah,4
philosophical,4
explained,4
bro,4
edited,4
undoing,4
bigot,4
sense,4
watching,3
palestine,3
michael,3
sup,3
suggest,3
islamist,3
occupied,3
pedophiles,3
shoot,3
userabd,3
forces,3
dis,3
vandalizing,3
insult,3
nature,3
douche,3
britain,3
sites,3
upon,3
pair,3
sir,3
pretend,3
send,3
bias,3
regarding,3
messiah,3
vandal,3
tiny,3
home,3
floyd,3
chose,3
gives,3
hold,3
respect,3
fuckhead,3
terrorist,3
liar,3
logic,3
bloody,3
red,3
difficult,3
following,3
hands,3
pakistanis,3
ought,3
brutally,3
racial,3
none,3
feeling,3
attacks,3
top,3
members,3
b,3
reject,3
sham,3
hughes,3
blue-throated,3
reality,3
meow,3
9,3
pictures,3
start,3
orange-throated,3
piss,3
alone,3
met,3
proven,3
church,3
gwernolugly,3
entire,3
anti-semitic,3
factual,3
past,3
including,3
testicles,3
criticism,3
activities,3
king,3
prove,3
posts,3
ukip,3
minority,3
lets,3
sand,3
consider,3
kingdom,3
fuckers,3
names,3
iranians,3
web,3
law,3
sit,3
colonized,3
republicans,3
info,3
defend,3
shows,3
knowing,3
animal,3
return,3
sexuality,3
picture,3
evidence,3
skinhead,3
seem,3
chicken,3
western,3
wanted,3
area,3
deal,3
tree,3
david,3
places,3
bitchass,3
ta,3
cease,3
cp,3
attack,3
racism,3
conflict,3
military,3
greatest,3
allowed,3
gave,3
anti-semitism,3
appreciate,3
hundreds,3
between,3
coffee,3
religious,3
oppose,3
surely,3
revoked,3
tonight,3
telling,3
somewhere,3
obvious,3
jealous,3
hated,3
soooo,3
contribution,3
false,3
thru,3
btw,3
encyclopedia,3
pederast,3
otherwise,3
iraq,3
existence,3
matter,3
general,3
t,3
vile,3
wite,3
culture,3
concept,3
verifiability,3
100,3
eye,3
group,3
jump,3
native,3
grant,3
brit,3
dat,3
acting,3
deserves,3
dbachmann,3
force,3
claiming,3
paki,3
keeping,3
crack,3
wobbs,3
homos,3
activist,3
type,3
em,3
questions,3
jerk,3
blow,3
recently,3
seen,3
pakistan,3
remain,3
bored,3
content,3
d,3
k,3
mentioned,3
stated,3
request,3
tiger,3
sent,3
imperial,3
fckin,3
pigs,3
touch,3
image,3
quite,3
masses,3
paedophile,3
young,3
yellow-throated,3
cracker,3
youd,3
freedom,3
females,3
bitches,3
palestinians,3
police,3
impact,3
dragon,3
fuckwit,3
bring,3
snitch,3
regular,3
wasting,3
given,3
york,3
move,3
dumbass,3
deletin,3
impartiality,3
rajput,3
polock,3
peice,3
ten,3
using,3
boston,3
appears,3
gas,3
constitute,3
roman,3
nice,3
father,3
fart,3
westside,3
reporting,3
mcdonald,3
yanks,3
check,3
choose,3
within,3
spread,3
sounds,3
grew,3
buy,3
moment,3
lame,3
dee,3
assume,3
fukyou,3
eu,3
ok,3
superior,3
pink,3
gareth,3
blacks,3
israelis,3
fight,3
ethnically,3
destroyed,3
step,3
hood,3
takes,3
wall,3
case,3
infected,3
sound,3
haha,3
business,3
although,3
reverted,3
meaning,3
interest,3
filled,3
earth,3
syndrome,3
iasi,3
wonder,3
pushing,3
mans,3
anti-semetic,3
emails,3
sitush,3
according,3
enjoy,3
helpful,3
slavic,3
left,3
clown,3
address,3
means,3
ah,3
makin,3
bleeding,3
catholics,3
hurt,3
mouth,3
pakis,3
hair,3
light,3
living,3
active,3
songs,3
absolute,3
n3gros,3
topic,3
theres,3
dn,3
similar,3
end,3
high,3
removed,2
closet,2
uses,2
provided,2
rivals,2
happened,2
greeks,2
translate,2
cracka,2
giving,2
sieg,2
schools,2
apples,2
park,2
antartica,2
purely,2
nasty,2
hoe,2
undo,2
corn,2
ant,2
kellermann,2
meetings,2
press,2
rednecks,2
manage,2
cop-,2
hadnt,2
fukcing,2
manchu,2
aspects,2
persian,2
malaysians,2
chance,2
slaves,2
friendship,2
inclusion,2
fraud,2
supports,2
japanese,2
thang,2
crawl,2
dreadedwarlus,2
commie,2
ed,2
signs,2
ignore,2
kick,2
notices,2
coz,2
join,2
guttyboy3daolcom,2
adultery,2
citation,2
fucks,2
taking,2
lil,2
fried,2
joining,2
count,2
manipulate,2
burger,2
meaningless,2
steel,2
terrorism,2
treated,2
stifle,2
problems,2
number,2
iz,2
destiny,2
dutch,2
apparently,2
boi,2
forehead,2
dawg,2
identity,2
consensus,2
pissed,2
reviewed,2
victims,2
promotes,2
influence,2
forced,2
behnchod,2
orders,2
nightmares,2
changin,2
tied,2
mh,2
lived,2
scared,2
excuses,2
uneducated,2
jury,2
video,2
cry,2
considered,2
hippie,2
1141791835,2
accusations,2
spick,2
chick,2
bonds,2
developed,2
sometimes,2
vicious,2
spaniards,2
tlk,2
morons,2
civility,2
large,2
judgement,2
willies,2
inserted,2
sexual,2
recite,2
vandolism,2
liked,2
teeth,2
wise,2
defenders,2
air,2
previous,2
mothers,2
refute,2
harrasing,2
bound,2
safavids,2
constructive,2
pals,2
jizz,2
refer,2
negros,2
homies,2
sung,2
adult,2
bull,2
open,2
60,2
underpinnings,2
shwain,2
moline,2
finland,2
foul,2
g-d,2
zhanzhao,2
empires,2
fenian,2
downs,2
regards,2
difference,2
days,2
lt,2
letting,2
laugh,2
sweaty,2
ireland,2
closerlookonsyria,2
persons,2
politically,2
ruined,2
nutcase,2
dedicated,2
template,2
pop,2
insert,2
hal,2
slow,2
million,2
actions,2
save,2
quotes,2
choice,2
double,2
illness,2
hater,2
maturity,2
half,2
goodbye,2
bent,2
faster,2
wing,2
wuz,2
welcome,2
escape,2
negroid,2
14,2
massacres,2
earlier,2
wiped,2
thinking,2
sister,2
veritas,2
teen,2
poop,2
karl,2
blatant,2
career,2
distorted,2
kinda,2
revenge,2
allow,2
snitchin,2
favorable,2
concern,2
valley,2
amaze,2
longer,2
hurting,2
ova,2
tells,2
brazilian,2
ww2,2
shock,2
nawmean,2
moslem,2
disturbing,2
10,2
enemies,2
nickel,2
petty,2
prostitutes,2
messages,2
supremacist,2
obama,2
motherfuckin,2
flaming,2
tool,2
ago,2
jr,2
girlfriend,2
feet,2
slide,2
level,2
probly,2
crash,2
kissing,2
listed,2
activity,2
government,2
messing,2
ud,2
israeli,2
upa,2
bed,2
gained,2
accounts,2
sonofabitch,2
muzemike,2
pedo,2
former,2
managed,2
akbar,2
biatch,2
knew,2
starts,2
works,2
student,2
killing,2
book,2
blok,2
retardo,2
ball,2
dark,2
shave,2
charade,2
wild,2
weasel,2
cure,2
taught,2
sam,2
freak,2
australian,2
registered,2
looking,2
create,2
dictator,2
wack,2
caption,2
elvis,2
dwelling,2
abd,2
humor,2
anywhere,2
guttyboy3d,2
pretentious,2
pants,2
fast,2
stopped,2
despite,2
islands,2
ronald,2
mistake,2
niggardly,2
dominated,2
jewboy,2
vandlism,2
example,2
months,2
basic,2
gvnayr,2
caste,2
dislike,2
arrogant,2
nig,2
wot,2
12,2
eating,2
canadian,2
break,2
random,2
noticed,2
17,2
worthless,2
favor,2
realise,2
hero,2
editors,2
palau,2
jdelanoy,2
nuts,2
geeky,2
portrayals,2
travelling,2
gone,2
purpose,2
idea,2
soviets,2
columbia,2
band,2
rock,2
greedy,2
serious,2
smelled,2
backward,2
abusive,2
cola,2
supported,2
subject,2
whyd,2
showing,2
leaving,2
referred,2
speak,2
ukrainian,2
jéské,2
ganna,2
worship,2
arms,2
extra,2
mine,2
regularly,2
lock,2
showers,2
bothered,2
serve,2
appropriate,2
priests,2
stakes,2
okay,2
status,2
betta,2
compare,2
handle,2
each,2
infinite,2
turk,2
worlds,2
based,2
nickname,2
youve,2
ho,2
center,2
putinist,2
hunt,2
dummasses,2
demonstrate,2
acorn,2
civilization,2
acts,2
rest,2
version,2
harry,2
company,2
ways,2
trade,2
7975179141,2
visiting,2
barbarian,2
glasses,2
prostitute,2
published,2
racists,2
truly,2
brown,2
sack,2
dad,2
went,2
hayes,2
jaysuschris,2
8,2
montenegrin,2
testament,2
wash,2
grader,2
ma,2
technology,2
near,2
drinking,2
barbaric,2
battle,2
states,2
tucky,2
email,2
50,2
contributing,2
havent,2
pro-islamic,2
compensate,2
population,2
south,2
germans,2
930,2
itsahappyday,2
records,2
fags,2
seeing,2
extent,2
krazy,2
snow,2
preceding,2
worst,2
changes,2
sock,2
oi,2
trust,2
kibbutz,2
add,2
couldnt,2
luck,2
taste,2
mess,2
furthermore,2
bully,2
chair,2
invaders,2
subjects,2
knowledge,2
vito,2
form,2
early,2
sending,2
carry,2
slimy,2
regime,2
ohnoitsjamie,2
historical,2
hide,2
aryans,2
withdraw,2
korea-centric,2
stage,2
belong,2
giant,2
shill,2
beware,2
negative,2
social,2
older,2
–,2
george,2
attention,2
bald,2
removing,2
powers,2
prison,2
hooker,2
perfectly,2
universe,2
west,2
released,2
recent,2
username,2
river,2
areaseven,2
poofter,2
promblem,2
pentagram,2
dealing,2
islamists,2
car,2
libertarian,2
gaysgypsysslavsanyone,2
media,2
famous,2
anti-semitian,2
touching,2
48,2
kike,2
tear,2
died,2
took,2
contribs,2
signed,2
beyond,2
rapper,2
aka,2
processes,2
asyriac,2
familiar,2
greek,2
garbage,2
republican,2
during,2
hermit,2
slaying,2
tatoo,2
anglican,2
mutha,2
ghetto,2
ice,2
computa,2
dropped,2
psychopath,2
everyday,2
range,2
h8,2
terms,2
satanistic,2
socialist,2
rumi,2
heres,2
spelling,2
forward,2
facsist,2
administrators,2
thus,2
murder,2
bomb,2
rot,2
international,2
somebody,2
minds,2
moist,2
knock,2
episode,2
damned,2
dates,2
ignorance,2
violating,2
erased,2
brazil,2
al,2
usergwernol,2
plus,2
removal,2
bush,2
failed,2
presidency,2
wad,2
contact,2
mama,2
heritage,2
sincerely,2
tosser,2
sicken,2
aaron,2
retard-,2
asians,2
polish,2
buddies,2
homepage,2
licking,2
effort,2
speaking,2
mathematical,2
refrain,2
kong,2
posted,2
whose,2
started,2
wales,2
dangerous,2
mosque,2
vote,2
summer,2
privilages,2
education,2
sorts,2
patients,2
cite,2
ha,2
shares,2
nyc,2
guessing,2
nightstallions,2
weak,2
horribly,2
deadly,2
dismiss,2
archangel,2
fear,2
attacking,2
•,2
shame,2
size,2
reply,2
devout,2
potter,2
court,2
donkey,2
7718267105,2
crew,2
bankrupt,2
killer,2
van,2
intelligence,2
communist,2
loves,2
quick,2
onto,2
jingiby,2
deleteing,2
bigoted,2
eternal,2
seems,2
response,2
ss,2
worries,2
jd,2
conclusion,2
guevara,2
vandals,2
short,2
mirror,2
so-called,2
john,2
manchus,2
whores,2
unblock,2
describe,2
fanatic,2
shri,2
whining,2
accepted,2
croatian,2
guest,2
online,2
lybia,2
instance,2
silence,2
exclusively,2
nor,2
perhaps,2
google,2
deletion,2
choke,2
set,2
swartz,2
mention,2
usa,2
homie,2
spreading,2
lame-brained,2
faggotry,2
goddamn,2
hoping,2
hindu-sikh,2
soccer,2
cultural,2
blood,2
uh,2
operator,2
flimsy,2
triston,2
serbs,2
europhile,2
pashtun,2
aids,2
congratulations,2
invading,2
tits,2
penises,2
promoting,2
d€ath,2
camps,2
hear,2
shithead,2
accusing,2
parents,2
outside,2
disputed,2
atheism,2
glad,2
cop,2
existed,2
adopted,2
invented,2
percy,2
autistic,2
bla,2
turner,2
photographs,2
jaq,2
retarted,2
honkey,2
second,2
phelps,2
waaa,2
hub,2
becoz,2
fictional,2
male,2
boiz,2
cockgwernolugly,2
7,2
reports,2
wouldve,2
buisness,2
super,2
feeble,2
kiss,2
asswipe,2
goes,2
loses,2
23-year-old,2
hairy,2
rich,2
niger,2
intro,2
y,2
saini,2
denial,2
constantly,2
absolutely,2
eg,2
colawhat,2
nicola,2
homophobic,2
shabiha,2
reading,2
heartbeat,2
behavior,2
becomes,2
respond,2
books,2
semite,2
dublin,2
unless,2
excellent,2
portion,2
latino,2
lambs12,2
clue,2
forum,2
addition,2
sort,2
latin,2
committee,2
indus,2
slutty,2
fully,2
molester,2
zionist,2
filth,2
ne,2
achieved,1
abuser,1
violently,1
yesterday,1
burke,1
squiggles,1
simply,1
conclude,1
fucyour,1
wikpedia,1
squint,1
dating,1
unqualified,1
applied,1
jeremy,1
sincerly,1
licks,1
puerto,1
wu,1
ilk,1
scientology,1
sexist,1
nerds,1
ghouta,1
obsessed,1
sarujo,1
length,1
billion,1
lesson,1
castro,1
balonie,1
gogojewranger,1
да,1
achievements,1
delete-ist,1
sheared,1
pakistian,1
borrow,1
uncleand,1
лайно,1
whilst,1
centre,1
fiance,1
strivers,1
6535248179,1
annoyingly,1
tyo,1
field,1
shouldn’t,1
quran,1
consiousness,1
nnnnnnnnnnnnnnnnnnnnnnnnnniiiiiiiiiiiiiiiiiiiiiggggggggggggggggggggggggaaaaaaaaaaaaaaaaaaaaa,1
apocalypses”,1
cfg,1
gestapos,1
obamas,1
muther,1
relativity,1
anti-abortion,1
che,1
tanakh,1
commit,1
pearls,1
unmarked,1
18th,1
streets,1
molestes,1
chillin,1
inquiry,1
tabloids,1
jayg-,1
sexdbachmann,1
unblok,1
categories,1
faces,1
hindus,1
sixties,1
yeahhhhh,1
easy,1
cunnilingus,1
survive,1
shine,1
rank,1
garden,1
dipshitted,1
tommorrow,1
oliver,1
“wikiproject,1
conspiring,1
freaking,1
hong,1
2015,1
adolf,1
guts,1
bottom,1
complained,1
reliable,1
bod,1
private,1
seventh,1
official,1
plainly,1
scjessey,1
building,1
sucked,1
fu₵king,1
caresdoes,1
censorship9416819494,1
copy,1
critical,1
speaks,1
substance,1
nominated,1
food,1
trader,1
gunna,1
rascal,1
800lb,1
necessary,1
bot,1
direction,1
stories,1
loads,1
precious,1
kingdeltedin,1
boom,1
9816216372,1
negress,1
jew-hater,1
howard,1
sic,1
smallest,1
jizya,1
frank,1
rampant,1
devilonly,1
factory,1
neutral,1
medicine,1
capital,1
triumph,1
consume,1
ridiculous,1
f-84,1
parent,1
anybody,1
lying,1
wounds,1
praise,1
legislate,1
equipment,1
threats,1
tang,1
looken,1
third,1
joseph,1
mimics,1
academic,1
aside,1
yourselves,1
antisemmitian,1
hunger,1
national,1
ipban,1
ancestryfuck-off,1
foreigners,1
magically,1
insulting,1
defaming,1
involves,1
coloration,1
ballsdick,1
epstien,1
cross,1
convience,1
blame,1
niggers-,1
whr,1
offensive,1
wp3rr,1
biological,1
satans,1
“honor”,1
eus,1
understood,1
myspace,1
grounds,1
patronising,1
bulb,1
на,1
stomp,1
tired,1
mongo,1
server,1
spiketoronto,1
gaza,1
madarchod,1
throughout,1
shalom,1
gear,1
feather,1
persecutiuon,1
nao,1
naked,1
awesomei,1
dandy,1
tryin,1
todayoh,1
veer,1
meand,1
non,1
ibn,1
joined,1
reportin,1
orientals,1
monday,1
numbskulls,1
figure,1
gag,1
alikeand,1
addresses,1
ultra-western,1
afganistan,1
delta,1
rant,1
viewpoints,1
containing,1
expelled,1
meeeeeeeeooowww,1
uspoverty,1
nad,1
bulgarian,1
cockwad,1
fascists,1
tyranny,1
included,1
dream,1
vander,1
childfeel,1
led,1
falling,1
plato,1
neo,1
bejust,1
hunted,1
turkcontributions622484219,1
serial,1
bowl,1
houses,1
unlock,1
weirdo,1
knob,1
alcoholism,1
angela,1
fuckiest,1
annoys,1
rcp,1
calm,1
slant-eyed,1
aimed,1
wppreserve,1
shutup,1
demons,1
allan,1
mo,1
ensures,1
vandels,1
seat,1
par,1
pitbull,1
civlized,1
fanny-bandit,1
ewww,1
neck,1
confuses,1
islamophobia,1
moreover,1
taddle,1
holocaut,1
disappointed,1
whiney,1
favour,1
wikkkipedians,1
butter,1
sisterfucker,1
drinker,1
disabled,1
warheit,1
sphincter,1
sooooo,1
specimens,1
opponents,1
impression,1
vehement,1
geezer,1
unban,1
occupation,1
fellow,1
someday,1
cok,1
log,1
clarita,1
supporting,1
fagg,1
devils,1
colord,1
interprets,1
u4rfvbn,1
niggard,1
sentence,1
responding,1
quickeri,1
terribly,1
differencewe,1
amuse,1
experience,1
shake,1
bhaag,1
forth,1
visited,1
uncovers,1
saggy,1
masterbate,1
socalsupereagle,1
world-peace,1
21413192187,1
nigg,1
islamic-fascist,1
editor,1
fcking,1
diasporaanywaywell,1
terroist,1
douchen,1
expel,1
wikifag,1
fggot,1
lab,1
thighs,1
pleaze,1
buggin,1
ironic,1
thugs,1
elections,1
69156179180,1
age,1
nationalistic,1
yeahyou,1
lubed,1
experts,1
arsten,1
hamburger,1
crue,1
impaled,1
anti-israeli,1
yellow,1
stikin,1
pakistant,1
eastern,1
japan,1
summary,1
cashier,1
multiple,1
speedruns,1
warnings,1
fools,1
chanting,1
hellfire,1
right-wing,1
banks,1
looked,1
lone,1
sweden,1
plaats,1
know-it-all,1
safi,1
iq,1
stalker,1
cuts,1
muslimsays,1
receive,1
zillion,1
committing,1
elitest,1
mar,1
frankly,1
individual,1
assistant,1
within”,1
stink,1
flippin,1
awhile,1
rhobite,1
hrassment,1
anhero,1
executed,1
frowned,1
busy,1
wishes,1
anti-gay,1
overheard,1
controlled,1
yoga,1
saysgwernol,1
rid,1
cultivation,1
russiawhat,1
baout,1
no-account,1
suggesting,1
high-functioning,1
properly,1
iridescant,1
shokced,1
dic,1
suffer,1
martyrs,1
bedroom,1
cardinal,1
whoever,1
pagesnawmean,1
continuous,1
except,1
gayboi,1
secular,1
cultist,1
proxy,1
eruption,1
sand-niggers,1
anti-social,1
vietnam,1
productive,1
gardeningand,1
reverse,1
savaging,1
handjobs,1
fulfill,1
blocks,1
horde,1
exactly,1
recognize,1
logical,1
havoc,1
unitellectual,1
facehomoasswipesuck,1
sociologist,1
twit,1
self-reichous,1
urdu,1
suicide,1
n-town,1
usercraig451,1
mainly,1
bharatveer,1
blown,1
excetement,1
stragiht,1
control-freak,1
hurricane,1
phillipines,1
jihad,1
obnoxious,1
predictable,1
zeal,1
diarea,1
semites,1
path,1
trueman,1
wateva,1
paul,1
monarchy,1
satan,1
therein,1
annoying,1
inferences,1
newl,1
perverted,1
refuted,1
geek,1
hive,1
exposes,1
otunka,1
euros,1
malvinas,1
articlewe,1
corrects,1
drags,1
erasing,1
anti-bulgarian,1
mujjahedin,1
bloodguiltiness,1
gangsta,1
mao,1
period,1
obsessive,1
pain,1
subhumans,1
faggot-,1
geniuss,1
equivalent,1
bombayindia,1
mainland,1
astop,1
garage,1
humorous,1
userdark-hooded,1
disguise,1
snjones,1
wussiestop,1
posters,1
ahahahahahahahahahahahahahahahahahahahahahahahahahahahahahahahahahahahahah,1
washington,1
communities,1
laceration,1
jasonceyre,1
agenda,1
rapist,1
dhimmi,1
sikhs,1
ava,1
unklected,1
184414173,1
trues,1
watchlist,1
martyman,1
jungle,1
won,1
deadfuck,1
mane,1
intervei,1
expression,1
incredible,1
avoid,1
wpvandalism,1
sykes,1
ard,1
admittedly,1
hiding,1
motorhead,1
dinosaurs,1
feminazi,1
philippines,1
eventually,1
emphasis,1
ssing,1
t⁄c,1
hitlers,1
carcer,1
communes,1
orange,1
coolie,1
soldier,1
cantarella,1
whiny,1
rode,1
vandalizingthen,1
unblockreasonliar,1
w,1
moldy,1
qamishli,1
1971,1
democrat,1
yadi,1
thi,1
united,1
elitist,1
40,1
mmmmmmmmmmmmmmmmmmmmmmmmmmk,1
bore,1
worms,1
rex,1
non-white,1
ford,1
helped,1
indicates,1
lack,1
akbars,1
teach,1
oficialy,1
empty-,1
worldyes,1
heya,1
trepens,1
travesty,1
gurdan,1
muthafucker,1
struten,1
democrats,1
chumpmuhajirs,1
niggah,1
washing,1
explanation,1
name-calling,1
de,1
droolen,1
classic,1
chingching,1
pious,1
weapon,1
homo-know-it-alls,1
noah,1
laws,1
talons,1
popping,1
major,1
vandle,1
pakisits,1
regardless,1
70,1
tracks,1
diiiiiiiiiiid,1
bosnian,1
relevant,1
-fat,1
deadbeat,1
200,1
tali-ihantala,1
grab,1
wank,1
blasuck,1
supprort,1
dried,1
viscious,1
mgay,1
yurselves,1
celebrated,1
josh,1
rejoice,1
th,1
paper,1
fuked,1
poitnless,1
asswhipe,1
scones,1
mouths,1
srsly,1
suckerdick,1
fo,1
stinking,1
errant,1
fyu,1
worrying,1
reinforce,1
vendor,1
ripper,1
hand-drawn,1
hore,1
yall,1
dads,1
98232181201,1
bhadva-nis,1
cusssssssse,1
badly,1
legitimately,1
cpcs,1
fuck-off-jewish,1
cdt4w,1
slips,1
arabic,1
movement,1
cha,1
kept,1
citations,1
lulz,1
nest,1
pintobeanerniggermexican,1
fringe,1
ffs,1
lovers,1
ahaghagagagaa,1
standing,1
tableshe,1
williams,1
denied,1
faggit,1
strict,1
lye,1
be34,1
ps-,1
ohter,1
pedophile,1
victim,1
campaign,1
preist,1
rpck,1
burning,1
еба,1
strongyeah,1
islamofascists,1
janjue,1
meif,1
bints,1
married,1
leftist,1
pounding,1
allie,1
killyourself,1
yeshua,1
zhanzhaos,1
russkie,1
marring,1
experiment,1
forgotten,1
islams,1
cannibal,1
psycho,1
measurements,1
fuckign,1
dec,1
elderly,1
african,1
trooth,1
docs,1
resuu,1
contruction,1
pls,1
coutnry,1
delusional,1
couragebut,1
basically,1
jobs,1
outa,1
pruritic,1
woof,1
cockmonkey,1
incidently,1
simpson,1
criminals,1
slavery,1
proabivouac,1
lorries,1
belonged,1
admire,1
usertalkbhadanisamir,1
events,1
vandalise,1
kraut,1
therapy,1
1944,1
wednesday,1
current,1
conceit,1
moose-thefortyfive,1
kafziel,1
lyin,1
husband,1
fucktard,1
irrelevant,1
sharp,1
peasant,1
freand,1
shaged,1
ultra-christ,1
pasty-faced,1
team,1
cat,1
eagles,1
scumbags,1
interests,1
earn,1
toilet,1
misjudged,1
infant,1
errors,1
yor,1
symptoms,1
launch,1
vandilaze,1
expired,1
715918946,1
nobodies,1
fuker,1
intensely,1
twelve,1
realized,1
theory,1
asaulted,1
utter,1
situation,1
innit,1
panders,1
usdont,1
pmdrive1061,1
heretic,1
waaaaay,1
willie,1
amputations,1
20th,1
b’rit,1
dusche,1
pleasure,1
fashion,1
chodu,1
suffering,1
critically,1
undeniable,1
ppl,1
hotel,1
regirsters,1
breasts,1
entry,1
thanks6811820249,1
this-,1
creatures,1
coolies,1
abhorrent,1
niggerfags,1
contrib,1
worked,1
meaningful,1
unfairly,1
mccarthy,1
destroyer,1
welfare-grubbing,1
poof,1
2124,1
meno25,1
15,1
lmfao,1
changing,1
bags,1
surprised,1
2morro,1
focus,1
easternsoutheast,1
nightfire,1
association,1
greesy,1
2005-09-11,1
honestly,1
lumps,1
norm,1
unproductive,1
sleeping,1
correctness,1
ushowever,1
unprotect,1
you-,1
sue,1
clique,1
gayboy,1
geezus,1
shagger,1
modi,1
frreaking,1
datz,1
fuckwits,1
grandmothers,1
humourous,1
slaughtering,1
riechstag,1
vandalyse,1
dick211285473,1
documentally,1
criminal-,1
trident,1
86178203222,1
851795158,1
film,1
shlt,1
caucasian,1
doignorant,1
feminists,1
muscle-homos,1
путката,1
chinas,1
freaks,1
hump,1
unbelievably,1
penelope,1
curse,1
comei,1
fuckedy,1
7569241174,1
savant13,1
obrigado,1
rush,1
phrasing,1
tape,1
suberbia,1
220244175139,1
krauts,1
tahts,1
drmies,1
fewer,1
lake,1
allahu,1
track,1
etc,1
blacked,1
sickfuckkkkk,1
fault,1
shit211285473,1
nussle,1
darwin,1
murderer,1
slowly,1
phillip,1
disease,1
عليكم,1
derhexers,1
shield,1
exterminated,1
tight,1
invalid,1
wanna-be,1
neva,1
dispute,1
tim,1
lgbt,1
billions,1
pissing,1
wownever,1
abrech,1
situshpakistani,1
fuckinill,1
sewer,1
lke,1
mai,1
genocide,1
indo-fijian,1
retyc,1
village,1
disconcerting,1
shouldve,1
treasonous,1
comed,1
referances,1
andrew,1
jockey,1
prefer,1
dreamjerk,1
restored,1
starve,1
17495168226,1
souja,1
max,1
fixed,1
middle-sized,1
persians,1
duh,1
informing,1
misunderstand,1
keith,1
billj,1
particlewhyy,1
soviet-anti-semitic,1
haya,1
smell,1
attach,1
comitting,1
genocidal,1
mcq,1
credibility,1
leviticus,1
extirpate,1
atheists,1
masturbating,1
snobs,1
trailer,1
basturd,1
betrayed,1
palestinian,1
diesel,1
bank,1
goin,1
20,1
grapevine,1
awt,1
awwww,1
cooperation,1
slavics,1
whether,1
imagined,1
melon,1
belive,1
suppose,1
fuckface,1
ohh,1
negrito,1
airport,1
bass,1
guardian,1
tatakshana,1
firebomb,1
cultists,1
legitimate,1
frenchman,1
bleac,1
usurped,1
pets,1
15000,1
t-shirts,1
today’s,1
counry,1
degenerate,1
hinduist,1
simpsons,1
niggerkite,1
ignoring,1
behave,1
opinons,1
resolution,1
epfs,1
85,1
cuntcuntcuntcuntcuntcuntcuntcuntcuntcuntcuntcuntcuntcuntcuntcuntcuntcuntcuntcuntcuntcuntcuntcuntcuntcuntcuntcuntcuntcuntcuntcu,1
magic,1
niggerly,1
volk,1
further,1
poetry,1
sees,1
kills,1
sourced,1
missionaries,1
asip,1
palemost,1
bolt,1
lawn,1
club,1
bothering,1
syntax,1
sooooooooooooo,1
pseudo-intellectual,1
brunel,1
doom-noise,1
celebrate,1
latter,1
liking,1
caspa,1
worshipping,1
cuntheads,1
talkin,1
festival,1
sarah,1
hang,1
7622675177,1
style,1
moral,1
imbeciles,1
danski,1
fanatics,1
rana,1
boyu,1
shune,1
manz,1
deviant,1
northern,1
deserved,1
ohio,1
usertalkbhadanilost,1
hed,1
atleast,1
thug,1
town,1
appeared,1
lennon,1
taughtby,1
bearer,1
treatable,1
usage,1
handicaped,1
nonstop,1
0845,1
uninhibited,1
2221555478,1
accpetable,1
titty,1
option,1
weve,1
mercados,1
fill,1
admitted,1
ukraine,1
weiner,1
ikldgni,1
2337,1
mostly,1
bo,1
indian-chinese,1
sean,1
athiests,1
warring,1
colonial,1
smoker,1
evildoing,1
devotee,1
tendansies,1
conversion,1
goys,1
fix,1
beloved,1
israelespecially,1
awwwwwwwwwwws,1
orlando,1
vegetarian,1
fire,1
usual,1
alivebritons,1
jimbo,1
irc,1
hahahahahahahahahahhaahahhahahaahhahahahahahahahahahahahahahahahahahahahah,1
additionally,1
drive,1
whaledad,1
libeled,1
er,1
livei,1
musically,1
philosophy,1
desease,1
cancers,1
76109182144,1
oz,1
behaving,1
assimilationist,1
zhixiang,1
expires,1
wannabe,1
gotta,1
corrupted,1
offence,1
farted,1
dumbest,1
era,1
judaism,1
foot,1
nawlinwiki,1
articlebut,1
shhhhhhhhhhhhhhhh,1
tv,1
couch,1
s3x,1
cleveland,1
crossing,1
catwalk,1
ossmannare,1
roy,1
codenames,1
everywhere,1
morals,1
infantry,1
encouraging,1
informal,1
mongerer,1
swedes,1
razor,1
phallus,1
spiced,1
blaming,1
cuzzling,1
jiang,1
conspiracies,1
unpopular,1
userarilang1234,1
complaints,1
mommys,1
2006-january-27,1
usher,1
greater,1
detestable,1
toolbag,1
rule,1
ron,1
lmaooh,1
scholar,1
financially,1
control,1
nite,1
cpc,1
corpses,1
worried,1
drunks,1
funerals,1
ryulong,1
95,1
african-american,1
talknigger,1
skills,1
hereby,1
ii,1
homosapian,1
moroccan,1
indeed,1
butterknife,1
debenutzerphoenix2,1
hereyour,1
ryan,1
humanism,1
afrocentrist,1
spews,1
americo-centrist,1
queers,1
fuck-sissy,1
languages,1
penetrated,1
belongs,1
salafit,1
anti-american,1
wawa12,1
beggars,1
crushed,1
good-by-jesus,1
ce,1
wiki-sin,1
wendy,1
fit,1
din,1
hijra,1
supremist,1
laguage,1
jail,1
stops,1
pride,1
enuff,1
probaly,1
irishguy,1
taj,1
darned,1
ckatz,1
attempting,1
jew3799254141,1
balked,1
infact,1
committed,1
rightuz,1
90,1
discussed,1
gona,1
epichal,1
а,1
chambers,1
forget,1
kidding,1
equally,1
expelledmost,1
peole,1
minded,1
ahasuerus,1
bullbut,1
territory,1
whoo-hoo,1
rhetorts,1
unwarranted,1
fundamentalist,1
anti-ebonism,1
matthew,1
harm,1
higgins,1
op1,1
gnome,1
trollop,1
sexism,1
plate,1
nair-chinned,1
delivering,1
studies,1
fecal,1
opportunist,1
league,1
queens,1
parliamentarian,1
dish,1
writes,1
directed,1
sunday,1
satanic,1
consistent,1
homosexualno,1
upset,1
deletes,1
pressing,1
facility,1
concrete,1
25px,1
tony,1
smuggle,1
suppress,1
stealing,1
bettah,1
talken,1
buried,1
album,1
microscopicly,1
derived,1
ironically,1
semen,1
hermaphrodite,1
pow,1
asylum,1
bridge,1
narcissistic,1
amoebas,1
snot,1
backwood,1
non-muslim,1
borders,1
maize,1
miranda,1
reinsert,1
76,1
wiggers,1
knife,1
desudesudesudesudesudesudesudesudesudesudesudesudesudesu,1
“genocidal,1
featured,1
iiiiiiiiiiiit,1
context,1
norwegians,1
bitchinyo,1
forbidden,1
outcompeted,1
cast,1
ruthless,1
confirm,1
that211285473,1
width,1
conferences,1
august,1
shoopsywoopsy,1
shamed,1
whiff,1
gods,1
smart-,1
dissidents,1
myself,1
incident,1
concentration,1
four,1
scumbag,1
shitheads,1
origin,1
willy,1
bigger,1
144131176126,1
strongest,1
researching,1
tone,1
donate,1
ukrainians,1
wpnotcensored,1
hehe,1
compete,1
communists,1
resets,1
specielly,1
mevlana,1
douchebag,1
assraped,1
decide,1
sockputtery,1
westboro,1
quinsareth,1
societies,1
1961,1
donation-begging,1
referrers,1
returned,1
telegram,1
french,1
antonio,1
pointless,1
ooops,1
unacurate,1
0545,1
thai,1
kök-türk,1
1848,1
showcasing,1
constanly,1
fetish,1
blog,1
kundad-hari-boy-friends845920275,1
sides,1
bitter,1
afghanistan,1
creature,1
drag,1
cardinaldan,1
alan,1
genocidei,1
impotence,1
tusch,1
misquoting,1
babek,1
lynched,1
seeks,1
sponsor,1
herself,1
fall,1
leadership,1
entrenched,1
ongoing,1
endlessly,1
minortiy,1
peeps,1
niggaand,1
dogs,1
heck,1
rockwell,1
gaaaaaaaaaaaaaaay,1
clipped,1
happens,1
majestic,1
gassed,1
ceric,1
deported,1
geneticists,1
pointing,1
cntrbtns,1
examples,1
bleck,1
englishman,1
knockin,1
lyrics,1
aest,1
musicians,1
contribute,1
defense,1
ejaculates,1
grave,1
title,1
excellency,1
wealth,1
examplesyes,1
knows,1
berg,1
weilding,1
tw,1
cock-sucking,1
derogatory,1
753198197,1
conerted,1
students,1
peoplea,1
bodies,1
lord,1
londonderry,1
terrible,1
surprise,1
capacity,1
sofeminine,1
millenium,1
anarchist,1
ckckckck,1
heading,1
sceptre,1
battling,1
confirmed,1
himself,1
fcker,1
money-changers,1
confirming,1
tolerated,1
psychos,1
tough,1
ideas,1
musical,1
dry,1
responded,1
entirety,1
chatroom,1
meta-wiki,1
wther,1
tale,1
release,1
oife,1
coordinated,1
soviet,1
mushrooms,1
peolpel,1
rr,1
bounce,1
spouting,1
qadhdhaffy,1
bitch-faced,1
stronger-bonding,1
diem,1
holla,1
born-again,1
themhe,1
8821749147,1
inappropriate,1
vermin,1
wwe,1
agains,1
honourlike,1
senile,1
sworn,1
feces,1
₩hore,1
vaporisation,1
held,1
cena,1
jew-hating,1
affect,1
tyrant,1
presents,1
indigenous,1
cancer,1
junkies,1
final,1
quisling,1
helping,1
sabotaging,1
implying,1
anally,1
praire-,1
offense,1
stuffed,1
value,1
hardships,1
genuine,1
zakat,1
receiving,1
anti-immigrant,1
hour,1
independence,1
meatpuppets,1
poopie,1
compard,1
saturday,1
meyou,1
thrown,1
herin,1
attempt,1
suprised,1
fuckstain,1
mahal,1
eggs,1
immediately,1
leech,1
admin-gnome,1
report,1
recluse,1
favoring,1
coud,1
bastardyou,1
corey,1
pendejos,1
australia,1
tom,1
telly,1
apostacy,1
non-whites,1
“more,1
violent,1
researcher,1
doesn’t,1
officer,1
handful,1
anti-india,1
sections,1
protection,1
052220,1
morgan,1
acheived,1
moneyz,1
rican,1
machine,1
jeffrey,1
switch,1
macedonian,1
hip-hop,1
stoned,1
keyboard,1
duncharris,1
conducting,1
threatens,1
indiscriminately,1
gringos,1
worry,1
unintellectual,1
betraying,1
preferences,1
interesting,1
thousands,1
democratantisodomite,1
sticky,1
secretly,1
kiddont,1
chestop,1
specific,1
bich,1
photos,1
noob,1
1947,1
acroterion,1
weird,1
oboama,1
signicance,1
breathe,1
designed,1
biotch,1
protect,1
liars,1
moses,1
convincingly,1
don’t,1
b4,1
amos,1
sandbox,1
fluid,1
prep,1
descendants,1
therevolutions,1
brainwashed,1
orphaned,1
usertalkbhadanikrazy,1
additions,1
fuckmor,1
sooner,1
“they,1
tribes,1
anti,1
ancestries,1
violation,1
unlovedwere,1
colonize,1
atheist,1
gayfag,1
eyes,1
anon,1
micropenis,1
slimvirgin,1
ecologist,1
stupid-,1
trojan,1
vegetasaiyan,1
gits,1
library,1
tortured,1
poland,1
speculation,1
intent,1
reknowledge,1
dental,1
assyrian,1
equal,1
bahamut,1
niboy,1
screwing,1
cocks,1
ragheads,1
replies,1
httpuploadwikimediaorgwikipediacommons00fsukhoisu-27operatorspng,1
rectum,1
november,1
211285473,1
suffered,1
instruments,1
kurds,1
barack,1
oklahoma,1
circumstances,1
aztecs,1
thios,1
fagot,1
yamla,1
dem,1
dynamic,1
angel,1
sake,1
pile,1
gangsters,1
idiotic,1
inconsistent,1
taxes,1
falkland,1
permitted,1
detected,1
appease,1
reverts,1
vandalized,1
handdo,1
diaspora-satisfy,1
clowns,1
kashmir,1
helpin,1
underaged,1
timothy,1
ding,1
jolin,1
bitch-ass,1
particular,1
attacked,1
pentagon,1
pipi,1
mallus,1
drugs,1
banished,1
database,1
decendants,1
tel,1
harly,1
parliament,1
7116211060,1
googling,1
exclusive,1
bogan,1
gimmee,1
ew,1
cunning,1
kitten,1
offending,1
entity,1
maxx,1
philistine,1
bch,1
supremacists,1
channels,1
wiener,1
thoughdiskindofsexistracistçmntokherewmfdapits2028613518,1
warm,1
roll,1
vanda-fight,1
blackie,1
ka,1
cornur,1
listens,1
hearing,1
offthen,1
beforehmm,1
intend,1
screen,1
torrent,1
xxx,1
fuk,1
arminian,1
ties,1
dozens,1
muffin,1
sodomy,1
penised,1
yank,1
dirt,1
suckin,1
significant,1
complain,1
anintersexual,1
mason,1
spirituality,1
dow,1
sorting,1
disorder,1
ready,1
no-good,1
neccesary,1
stinks,1
slaughter,1
alrite,1
conquering,1
fell,1
bear,1
prevail,1
2008,1
lifeworld,1
fanaticks,1
pad,1
corporation,1
bagel,1
space,1
crusty,1
entitled,1
quirky,1
peer,1
september,1
fin,1
amendment,1
badman,1
barry,1
tuesday,1
crying,1
flys,1
minorities,1
forgive,1
tou,1
noin,1
hardness,1
together,1
niagetty,1
tommy2,1
milleseconds,1
circ,1
maha-vaishnava,1
brag,1
meeting,1
2007,1
pashtuns,1
passage,1
followed,1
fos,1
territories,1
chihuahua,1
subcultures,1
wreak,1
fuckn,1
stance,1
grasp,1
rythmic,1
inside,1
ox,1
wil,1
traffic,1
coups,1
fisk,1
actor,1
creators,1
fckng,1
spite,1
responses,1
safe,1
gunpoint,1
kutcher,1
yours,1
moraly,1
lumpens,1
1811,1
bsrboys,1
pestering,1
assfuck,1
soil,1
spam,1
fifties,1
ck,1
dildos,1
crutches,1
moslims,1
fαg,1
motley,1
olberman,1
ing,1
islamochristian,1
unlike,1
assad,1
lots,1
ooooooooooo,1
gaybut,1
shown,1
titties,1
hirohito,1
nazism,1
raised,1
generation,1
999,1
creamin,1
category,1
foe,1
croats,1
types,1
justice,1
visualise,1
jermey,1
e-m,1
pornyou,1
declineniggers,1
crnagora,1
inflamatory,1
drug,1
content-related,1
moves,1
achmed,1
hopefully,1
yer,1
ancestor,1
pretty,1
changed,1
suit,1
linkage,1
unable,1
bagcok,1
crackheads,1
encourage,1
amazing,1
ignored,1
worker,1
angered,1
bullish,1
jimmy,1
self-judgement,1
smacks,1
wahahah,1
mindless,1
answered,1
bullet,1
conndoms,1
jealousy,1
moonsaults,1
188231192218,1
elochim,1
alarm,1
deals,1
spare,1
platter,1
servant,1
womantheir,1
running,1
related,1
persecutions,1
firmly,1
bignole,1
hockey,1
dogatro,1
flee,1
became,1
russians,1
untermenschen,1
snatch,1
involved,1
‘chaitanya-mangala’,1
luved,1
resort,1
66355523,1
interested,1
luo,1
basement,1
closedmouth,1
eternity,1
sutpid,1
freezes,1
object,1
malicious,1
welcomes,1
smallthingy,1
mums,1
awake,1
fagat,1
associate,1
poorwhy,1
ad,1
gooks,1
cowards,1
omg,1
kwon,1
thinls,1
googleing,1
mentally-stuptarded,1
groups,1
cos,1
unionist,1
drunken,1
rub,1
allows,1
london,1
oj,1
sleeping-around,1
radical,1
curly,1
test,1
diamonds,1
iraqie,1
vandalizes,1
across,1
conquest,1
niggafuck,1
negroes,1
clean,1
☎,1
worshipped,1
teh,1
per,1
advances,1
falsifying,1
saruj,1
karen,1
wmds,1
911,1
stole,1
administratorship,1
madoff,1
lay,1
uni,1
alien,1
scare,1
annoyin,1
password,1
banhamma,1
16,1
metre,1
refuses,1
opposed,1
morton,1
weekend,1
hysteria,1
desist,1
ahahahahahahahahahahahahahahahahahahahahahaahhahahahahahahahahahahahahahah,1
brought,1
gagin,1
lonely,1
sioux,1
troll,1
bailey,1
misogynist,1
pot-smoking,1
hannucka,1
archive,1
looted,1
allready,1
bombs,1
portugueses,1
mall,1
unre4l,1
revelation,1
джингибинги,1
violates,1
pushers,1
dontlet,1
crack-smoking,1
saving,1
deepest,1
totally,1
nyuggggaaa,1
mating,1
accident,1
wwii,1
ethnicity,1
scienceman123,1
ти,1
2004,1
permissian,1
hijos,1
expliciton,1
editting,1
italian-british,1
wake,1
indoors,1
greasy,1
rename,1
stereotype,1
affair,1
hits,1
timeera,1
metal,1
wanker,1
hire,1
bombed,1
addicted,1
somehow,1
fagotsitalic,1
rum,1
shaka,1
ruths,1
disgust,1
pretending,1
computer,1
tribe,1
sucka,1
chobin,1
heri,1
you-american,1
diss,1
cyphoidbomb,1
filipinos,1
kamehameha,1
proselytist,1
daggers,1
cheats,1
centralist,1
quimby,1
jeeeez,1
isaac,1
reads,1
boo,1
happen,1
crip,1
venom,1
scummy,1
arseholes,1
actual,1
ultra-armenian,1
standards,1
clocks,1
pakisas,1
ooooon,1
chairstriple,1
anyday,1
happening,1
europe,1
week,1
numbered,1
muhammad,1
magazine,1
bureau,1
hillbilly,1
spelt,1
movy,1
contested,1
ethno-religious,1
forgot,1
shits,1
nutjob,1
kikes,1
organization,1
judea,1
implies,1
niggr,1
ethnic,1
meat,1
shoving,1
promoted,1
aggressive,1
plantation,1
rapping,1
757,1
oral,1
quimbynigga,1
reinforced,1
1488,1
rhyme,1
awesome,1
movie,1
ghe,1
norway,1
breach,1
misfortunes,1
minga,1
yea,1
weeeelllll,1
maself,1
mc,1
atrocious,1
woodsport,1
hand,1
raper,1
lunatics,1
shud,1
protected,1
metro,1
shameless,1
abusing,1
metric,1
bunnies,1
syed,1
unpacked,1
deng,1
jeffpw,1
reis,1
mailit,1
ashamed,1
patato,1
beatdown,1
thief,1
hag,1
holy,1
encountered,1
lazy,1
jewsdo,1
gettin,1
coulnt,1
youfrench,1
amerikkkans,1
owner,1
prejudice,1
folks,1
rfa,1
laureates,1
kindly,1
commin,1
antics,1
hmmm,1
federlines,1
bulldoze,1
btch,1
re-established,1
cordial,1
ykk64tb,1
you1,1
escaping,1
jonathon,1
cripple,1
swallowing,1
speech”,1
12-20-06,1
perminently,1
9710260171,1
savages,1
awwwwwwwwwwwwwwwwwwwwwwwwwwwwww,1
humbles,1
likely,1
aussie,1
ngger,1
wipe,1
palin,1
decent,1
approve,1
kidnap,1
nnnnnnnnigga,1
firing,1
hanging,1
powerful,1
asia,1
trained,1
niggggeeeerrrr,1
challenge,1
firsti,1
re-did,1
laughing,1
dozen,1
comparing,1
ourselves,1
unprotected,1
adminship,1
czeckoslovacian,1
nuked58107179146,1
shittest,1
placed,1
والسلام,1
ky,1
island,1
formed,1
niiiiiiiiaaaaaaaaggaaaaaaaaaaaaaaaaaaaand,1
scalping,1
imperialists,1
sectarian,1
nliggers,1
holding,1
bands,1
non-religious,1
demeans,1
push,1
specialises,1
enforce,1
jerks,1
hsuing-nu,1
good-bye,1
schmucks,1
2013,1
dunt,1
lees,1
orgy,1
schoolhave,1
donalds,1
non-formatted,1
“hate,1
property,1
dipshit,1
14th,1
pharisees,1
swastikas,1
aristotle,1
cox,1
emo,1
yourself—the,1
synonymous,1
ridicilous,1
plain,1
airliner,1
opposite,1
folk,1
jackson,1
combination,1
disruptive,1
cuba,1
ecology,1
gay-,1
lcis,1
moncrief,1
moi,1
interrupt,1
torah,1
zurich,1
politcal,1
janjua,1
irishpunktom,1
biitch,1
produced,1
doosh,1
can´t,1
jewbotts,1
usain,1
kitchen,1
played,1
jim,1
welcomed,1
shadow,1
flying,1
morhone,1
anti-hispanic,1
burkhas,1
майна,1
enabler,1
meth,1
dienew,1
knw,1
french-fried,1
waste,1
collective,1
huyou,1
loosers,1
contents,1
serving,1
pirrahnas,1
thessaloniki,1
tnxman309,1
onorem,1
apache,1
otrivia,1
bankrupted,1
recongized,1
stereotyping,1
staff,1
prohibition,1
hee-haw,1
repeated,1
beards,1
blowing,1
breed,1
whoopdie,1
pray,1
pansy,1
aircraft,1
mujahedins,1
bahram,1
apolegetic,1
hungry,1
jackthomas,1
ger,1
usertajiks,1
action,1
hahahahahahahaha,1
remote,1
coin,1
userpage,1
cruel,1
pollute,1
wikipage,1
boner,1
beer,1
advice,1
fans,1
dd,1
bullshits,1
gov,1
massive,1
host,1
fukk,1
sannse,1
emotional,1
strapping,1
2091623564,1
yarnalgo,1
fighters,1
dearly,1
portuguese,1
epfnot,1
napoleon,1
engaged,1
einsteins,1
screeming,1
incorrect,1
grandmother,1
jag,1
medical,1
january,1
pandering,1
telenet,1
suggests,1
uayo,1
tommy,1
mommmmmmmmmmm,1
vitriol,1
virus,1
randva,1
actin,1
200000,1
purposes,1
waiting,1
curtins,1
economic,1
multi-racial,1
quipment,1
bhadanis,1
ahahahaahhahahahahahahahahahahahahahahahahahahahahahahahahahahahahaha,1
terrorizing,1
awwwwwwwwwwwwwwwwwwwwwwwwwwwwwwwwwwwwwwwwwwwwww211285473,1
katrina,1
retarded-english,1
eatin,1
7611017548,1
series,1
namer,1
landing,1
moammar,1
dropping,1
bitchy,1
sooo,1
stating,1
ogs,1
testing,1
247,1
nonsense,1
gun,1
harder,1
dais,1
round,1
beliefs,1
cog,1
niggaz,1
avery,1
saved,1
yavana,1
khalifah,1
uk,1
anti-arabism,1
hamir,1
oppress,1
devotees,1
integrated,1
putting,1
cours,1
analy,1
tongues,1
jerkoff,1
drones,1
whitey,1
publish,1
seriouslygay,1
yankees,1
orientation,1
1122098665,1
agenga,1
mentality,1
clueless,1
25,1
mankind,1
defeated,1
widely,1
bardstown,1
unite,1
tools,1
masters,1
86181014,1
longs12417622645,1
dealt,1
definition,1
islamophobic,1
asia-africa,1
minutes,1
thieves,1
vandalist,1
puta,1
neither,1
shocked,1
slap,1
scope,1
fuckfuckfuckfuckfuckfuckfuckfuckfuckfuckfuckfuckfuckfuckfuckfuckfuckfuckfuckfuckfuckfuckfuckfuckfuckfuckfuckfuckfuckfuckfuckfuckfuckfuckfuckfuckfuckfuckfuckfuckfuckfuckfuckfuckfuckfuckfuckfuckfuckfuckfuckfuckfuckfuckfuckfuckfuckfuckfuckfuckfuckfuckfuckfuckfuckfuckfuckfuckfuckfuckfuckfuckfuckfuckfuckfuckfuckfuckfuckfuckfuckfuckfuckfuckfuckfuckfuckfuckfuckfuckfuckfuckfuckfuckfuckfuckfuckfuckfuckfuckfuckfuckfuckfuckfuckfuckfuckfuckfuckfuckfuckfuckfuckfuckfuckfuckfuckfuckfuckfuckfuckfuckfuckfuckfuckfuckfuckfuckfuckfuckfuckfuckfuckfuckfuckfuckfuckfuckfuckfuckfuckfuckfuckfuckfuckfuckfuckfuckfuckfuckfuckfuckfuckfuckfuckfuckfuckfuckfuckfuckfuckfuckfuckfuckfuckfuckfuckfuckfuckfuckfuckfuckfuckfuckfuckfuckfuckfuckfuckfuckfuckfuckfuckfuckfuckfuckfuckfuckfuckfuckfuckfuckfuckfuckfuckfuckfuckfuckfuckfuckfuckfuckfuckfuckfuckfuckfuckfuckfuckfuckfuckfuckfuckfuckfuckfuckfuckfuckfuckfuckfuckfuckfuckfuckfuckfuckfuckfuckfuckfuckfuckfuckfuckfuckfuckfuckfuckfuckfuckfuckfuckfuckfuckfuckfuckfuckfuckfuckfuckfuckfuckfuckfuckfuckfuckfuckfuckfuckfuckfuckfuckfuckfuckfuckfuckfuckfuckfuckfuckfuckfuckfuckfuckfuckfuckfuckfuckfuckfuckfuckfuckfuckfuckfuckfuckfuckfuckfuckfuckfuckfuckfuckfuckfuckfuckfuckfuckfuckfuckfuckfuckfuckfuckfuckfuckfuckfuckfuckfuckfuckfuckfuckfuckfuckfuckfuckfuckfuckfuckfuckfuckfuckfuckfuckfuckfuckfuckfuckfuckfuckfuckfuckfuckfuckfuckfuckfuckfuckfuckfuckfuckfuckfuckfuckfuckfuckfuckfuckfuckfuckfuckfuckfuckfuckfuckfuckfuckfuckfuckfuckfuckfuckfuckfuckfuckfuckfuckfuckfuckfuckfuckfuckfuckfuckfuckfuckfuckfuckfuckfuckfuckfuckfuckfuckfuckfuckfuckfuckfuckfuckfuckfuckfuckfuckfuckfuckfuckfuckfuckfuckfuckfuckfuckfuckfuckfuckfuckfuckfuckfuckfuckfuckfuckfuckfuckfuckfuckfuckfuckfuckfuckfuckfuckfuckfuckfuckfuckfuckfuckfuckfuckfuckfuckfuckfuckfuckfuckfuckfuckfuckfuckfuckfuckfuckfuckfuckfuckfuckfuckfuckfuckfuckfuckfuckfuckfuckfuckfuckfuckfuckfuckfuckfuckfuckfuckfuckfuckfuckfuckfuckfuckfuckfuckfuckfuckfuckfuckfuckfuckfuckfuckfuckfuckfuckfuckfuckfuckfuckfuckfuckfuckfuckfuckfuckfuckfuckfuckfuckfuckfuckfuckfuckfuckfuckfuckfuckfuckfuckfuckfuckfuckfuckfuckfuckfuckfuckfuckfuckfuckfuckfuckfuckfuckfuckfuckfuckfuckfuckfuckfuckfuckfuckfuckfuckfuckfuckfuckfuckfuckfuckfuckfuckfuckfuckfuckfuckfuckfuckfuckfuckfuckfuckfuckfuckfuckfuckfuckfuckfuckfuckfuckfuckfuckfuckfuckfuckfuckfuckfuckfuckfuckfuckfuckfuckfuckfuckfuckfuckfuckfuckfuckfuckfuckfuckfuckfuckfuckfuckfuckfuckfuckfuckfuckfuckfuckfuckfuckfuckfuckfuckfuckfuckfuckfuckfuckfuckfuckfuckfuckfuckfuckfuckfuckfuckfuckfuckfuckfuckfuckfuckfuckfuckfuckfuckfuckfuckfuckfuckfuckfuckfuckfuckfuckfuckfuckfuckfuckfuckfuckfuckfuckfuckfuckfuckfuckfuckfuckfuckfuckfuckfuckfuckfuckfuckfuckfuckfuckfuckfuckfuckfuckfuckfuckfuckfuckfuckfuckfuckfuckfuckfuckfuckfuckfuckfuckfuckfuckfuckfuckfuckfuckfuckfuckfuckfuckfuckfuckfuckfuckfuckfuckfuckfuckfuckfuckfuckfuckfuckfuckfuckfuckfuckfuckfuckfuckfuckfuckfuckfuckfuckfuckfuckfuckfuckfuckfuckfuckfuckfuckfuckfuckfuckfuckfuckfuckfuckfuckfuckfuckfuckfuckfuckfuckfuckfuckfuckfuckfuckfuckfuckfuckfuckfuckfuckfuckfuckfuckfuckfuckfuckfuckfuckfuckfuckfuckfuckfuckfuckfuckfuckfuckfuckfuckfuckfuckfuckfuckfuckfuckfuckfuckfuckfuckfuckfuckfuckfuckfuckfuckfuckfuckfuckfuckfuckfuckfuckfuckfuckfuckfuckfuckfuckfuckfuckfuckfuckfuckfuckfuckfuckfuckfuckfuckfuckfuckfuckfuckfuckfuckfuckfuckfuckfuckfuckfuckfuckfuckfuckfuckfuckfuckfuckfuckfuckfuckfuckfuckfuckfuckfuckfuckfuckfuckfuckfuckfuckfuckfuckfuckfuckfuckfuckfuckfuckfuckfuckfuckfuckfuckfuckfuckfuckfuckfuckfuckfuckfuckfuckfuckfuckfuckfuckfuckfuckfuckfuckfuckfuckfuckfuckfuckfuckfuckfuckfuckfuckfuckfuckfuckfuckfuckfuckfuckfuckfuckfuckfuckfuckfuckfuckfuckfuckfuckfuckfuckfuckfuckfuckfuckfuckfuckfuckfuckfuckfuckfuckfuckfuckfuckfuckfuckfuckfuckfuckfuckfuckfuckfuckfuckfuckfuckfuckfuckfuckfuckfuckfuckfuckfuckfuckfuckfuckfuckfuckfuckfuckfuckfuckfuckfuckfuckfuckfuckfuckfuckfuckfuckfuckfuckfuckfuckfuckfuckfuckfuckfuckfuckfuckfuckfuckfuckfuckfuckfuckfuckfuckfuckfuckfuckfuckfuckfuckfuckfuckfuckfuckfuckfuckfuckfuckfuckfuckfuckfuckfuckfuckfuckfuckfuckfuckfuckfuckfuckfuckfuckfuckfuckfuckfuckfuckfuckfuckfuckfuckfuckfuckfuckfuckfuckfuckfuckfuckfuckfuckfuckfuckfuckfuckfuckfuckfuckfuckfuckfuckfuckfuckfuckfuckfuckfuckfuckfuckfuckfuckfuckfuckfuckfuckfuckfuckfuckfuckfuckfuckfuckfuckfuckfuckfuckfuckfuckfuckfuckfuckfuckfuckfuckfuckfuckfuckfuckfuckfuckfuckfuckfuckfuckfuckfuckfuckfuckfuckfuckfuckfuckfuckfuckfuckfuckfuckfuckfuckfuckfuckfuckfuckfuckfuckfuckfuckfuckfuckfuckfuckfuckfuckfuckfuckfuckfuckfuckfuckfuckfuckfuckfuckfuckfuckfuckfuckfuckfuckfuckfuckfuckfuckfuckfuckfuckfuckfuckfuckfuckfuckfuckfuckfuckfuckfuckfuckfuckfuckfuckfuckfuckfuckfuckfuckfuckfuckfuckfuckfuckfuckfuckfuckfuckfuckfuckfuckfuckfuckfuckfuckfuckfuckfuckfuckfuckfuckfuckfuckfuckfuckfuckfuckfuckfuckfuckfuckfuckfuckfuckfuckfuckfuckfuckfuckfuckfuckfuckfuckfuckfuckfuckfuckfuckfuckfuckfuckfuckfuckfuckfuckfuckfuckfuckfuckfuckfuckfuckfuckfuckfuckfuckfuckfuckfuckfuckfuckfuckfuckfuckfuckfuckfuckfuckfuckfuckfuckfuckfuckfuckfuckfuckfuckfuckfuckfuckfuckfuckfuckfuckfuckfuckfuckfuckfuckfuc,1
repulicansodomite,1
pal,1
trample,1
garrett,1
revertin,1
whomsoever,1
prepare,1
jalal,1
6456243153,1
towards,1
north,1
violenthe,1
jusdafax,1
illnesses,1
fruitcake,1
william,1
niggerck,1
presented,1
gooooooooooooood,1
danish,1
rationality,1
russiayes,1
informed,1
civilisations,1
dance,1
catalyst,1
cyrus,1
bow,1
notice,1
shed,1
subwayjack,1
demonte,1
romanian,1
homeland,1
dislikes,1
stretched,1
burnt,1
giddens,1
af,1
unblocked,1
exhibition,1
paedofile,1
flaunts,1
parasites,1
billcj,1
pashandi,1
accidental,1
bu,1
correlation,1
load,1
precvious,1
towel-headed,1
non-spaniards,1
taiwan,1
craft,1
limbaugh,1
author,1
surrealist,1
aztec,1
som,1
colonies,1
matters,1
bigass,1
theyll,1
lewismy,1
cooperating,1
pupety,1
speedily,1
fed,1
frustrated,1
misinform,1
janitor,1
brilliant,1
babies,1
cousin,1
perennial,1
accuse,1
sock-pupptery,1
admit,1
simple,1
cromwell,1
fagots,1
cockkkkkk,1
ivy,1
cents,1
realize,1
alientravellers,1
staten,1
obvius,1
clear,1
тебе,1
trolls,1
aidz,1
js5shutdown,1
boyfriends,1
convinced,1
saugus,1
0513,1
dig,1
gaybo,1
silly,1
progressive,1
wings,1
asyoure,1
manner,1
hos,1
quoting,1
georgians,1
non-islamic,1
accepts,1
creation,1
illiterate,1
distance,1
hai,1
washer,1
waterboarded,1
12176152194,1
average,1
joakim,1
fascit,1
confronted,1
seek,1
shoes,1
puts,1
pulpyou,1
kno,1
museums,1
tab,1
lesbo,1
penisfuck,1
late,1
approach,1
ajkbut,1
sacrificed,1
hears,1
megalomaniacs,1
studid,1
showhttpenwikipediaorgwindexphptitlewikipedia3arequestsforarbitration2fhisexcellency2fevidencediff69701704oldid69699623,1
deeply,1
hat,1
igger,1
captain,1
americas,1
advocate,1
reallyyoure,1
speedrunners,1
neo-nazis,1
polar,1
plane,1
satisfied,1
stalin,1
firuz,1
enwikipediacom,1
collaboration”,1
gilabrand,1
canada,1
sodomize,1
appear,1
pieceofshit,1
sould,1
st47,1
nascar,1
seed,1
monstrous,1
trial,1
ancient,1
-non-white,1
tletbrain,1
demigods,1
phenomenum,1
mouunted,1
owns,1
frend,1
gayass,1
thorny,1
dreamtime,1
hindi,1
euro,1
quo,1
misleading,1
wh,1
adicted,1
gross,1
cumd,1
callin,1
jerkass,1
excretory,1
bosnia,1
good-for-nothing,1
musalman,1
bother,1
intellectual,1
hippy,1
pig8510711087,1
millions,1
charles,1
counties,1
crybaby,1
palestina,1
shitskin,1
rat,1
fish,1
hispanophones,1
mudsharking,1
wut,1
anti-seℳites,1
germansaskenazis,1
unit,1
fing,1
isn’t,1
hoo,1
dip,1
dame-in-distress,1
stds,1
stroking,1
mail,1
corroborated,1
bar,1
21614524575,1
throat,1
shelter,1
dreaming,1
greetingshhh,1
mut,1
mexico,1
external,1
celeb,1
whant,1
stank,1
mulatto,1
vodka,1
squat,1
listing,1
race-denier,1
uber-lameness,1
cowworshipping,1
brain-yuck,1
irradiated,1
mechanics,1
ass-raped,1
6578144186,1
derry,1
began,1
homophobe,1
individuals,1
shedding,1
babak,1
quips,1
chootiya,1
thati,1
selecta,1
41,1
steezemuffin,1
oil,1
od,1
impartial,1
steeze,1
sicilians,1
surpass,1
warmonger,1
redirected,1
fan,1
hoes,1
smoke,1
authority,1
labeled,1
21818612250,1
teri,1
fannyman,1
locate,1
mroe,1
favourite,1
douschebag,1
vandilise,1
beings,1
spends,1
£100000,1
express,1
wiipedia,1
shite,1
doo,1
porno,1
indisputable,1
marx,1
six,1
commission,1
behenchod,1
punched,1
nanni,1
penalize,1
drown,1
moved,1
motherfukkin,1
wondering,1
harassment,1
sins,1
chadashah,1
part,1
sing,1
note,1
insecure,1
imagine,1
talked,1
commandments,1
jigaboo,1
incompetent,1
removes,1
authors,1
sully,1
cdvf,1
spewing,1
taintopenlygay,1
allegations,1
lose,1
ull,1
murdered,1
contributors,1
persecuted,1
comapare,1
wot424436149,1
trajectories,1
jewlry,1
baitch,1
brother,1
posting,1
belarusians,1
wog,1
jewsno,1
commenting,1
ease,1
shi,1
womenz,1
embarrassing,1
som1,1
bday,1
middle,1
winnar,1
punks,1
highly,1
honourthe,1
rajputs,1
natives,1
daily,1
caus,1
seha,1
listings,1
contributions,1
confused,1
hola,1
cognomen2,1
grammar,1
con,1
smh,1
respectable,1
comin,1
disallow,1
nonexistent,1
you3811481204,1
balanced,1
occupy,1
fights,1
wearing,1
karelia,1
deleate,1
literature,1
communism,1
chill,1
doin,1
whip,1
jammu,1
niggaaaazzz,1
scientologist,1
genetically,1
stolen,1
nnnnniiiiiiga,1
beating,1
chavez,1
college,1
gestopoing,1
p,1
restraint,1
daddy,1
trend,1
—,1
niggered,1
shorten,1
permanent,1
motherfin,1
adress,1
nutsi,1
heron,1
exposing,1
mutilating,1
anti-janner,1
hut,1
civilized,1
hohar,1
creamy3,1
worldpakis,1
fromt,1
acted,1
hot,1
morgans,1
that124180159192,1
realistmost,1
homo-sexual,1
edmund,1
anti-black,1
wheelchair,1
casaulties,1
pits,1
alhanuty,1
culturally,1
chum,1
swallow,1
smoked,1
grace,1
conquered,1
available,1
willing,1
needing,1
plow,1
ugliest,1
grass,1
fes,1
21912783147,1
aclu,1
harassed,1
baptist,1
suks,1
bread,1
bisexual,1
pennant,1
idependent,1
title824110797,1
percent,1
redirects—clit,1
reversed,1
hatin,1
hexachord,1
swine,1
jerry,1
discrimination,1
public,1
supporter,1
esc,1
arguments,1
sleep,1
undid,1
11924591247,1
19,1
outloud,1
hott,1
br3ast,1
diseases,1
ghostsa,1
suitable,1
foolish,1
hunchback,1
ungrateful,1
molested,1
molest,1
faschism,1
pulsating,1
movies,1
mukhtaran,1
root,1
banana,1
portal,1
birthday,1
minute,1
generally,1
thrusting,1
mouse,1
nuttin,1
gomer,1
lawl,1
president,1
youusing,1
pursue,1
attracted,1
khadaffi,1
chutmarike,1
supposed,1
commandents,1
research,1
it683341181,1
bits,1
entirely,1
againsmatean,1
pinko,1
ultra-greek,1
argentinean,1
bullied,1
sons,1
moore,1
structure,1
hypocrites,1
bogtrotting,1
gypsies,1
sexology,1
beahiviour,1
gayyyyyyyyyyyyyyyyyyyyyy,1
orange-throats,1
informative,1
regents,1
losers,1
92232021,1
apologizi,1
frequent,1
hondasaregoodsez,1
hell-bound,1
dump,1
wording,1
kyke,1
sabu,1
blue,1
dipfucking,1
ǔ,1
ut,1
trouble,1
fate,1
chaitanya-bhagavata,1
796721236,1
apply,1
khilji,1
dong,1
reveals,1
myth,1
jumping,1
realty,1
canuck,1
stormfront,1
€urotrash,1
indias,1
water,1
artists,1
vacuos,1
whom,1
orthodox,1
ben,1
haiti,1
babe,1
family’s,1
nosed,1
cud,1
correctly,1
swift,1
walkin,1
nigerian,1
parades,1
raping,1
houla,1
fk,1
fist-fuckee,1
chaaaaa,1
hurts,1
khar,1
bearing,1
raging,1
overly,1
santa,1
shittttttttttttttttttttttttttttt,1
yankee,1
tightass,1
civilian,1
table,1
hahah,1
mouammar,1
input,1
argue,1
faggoty,1
nableezy,1
faggotts,1
justifications,1
treatment,1
acutually,1
robes,1
nose,1
krishna,1
1950,1
hall,1
wazoo,1
niggggguuuuhhhh,1
dwight,1
smellyfuck,1
violater,1
terminally,1
confederate,1
mayans,1
pooper,1
2005,1
969180213,1
byzantine,1
neutrality,1
twisted,1
observers,1
httpwwwthirdworldtravelercomblumgreecekhhtml,1
yu,1
30,1
focusing,1
papulonodular,1
nnnnnnnnnnnnniiiiggggggggggggaaaaaaaaaand,1
sissy-boys,1
sore,1
pay,1
studs,1
leader,1
precursor,1
han,1
automatically,1
chaitanya-mangala,1
beginning,1
quoted,1
repressive”,1
granted,1
buncgh,1
self-righteous,1
iight,1
laughs,1
idf,1
graduate,1
sluts,1
sniffin,1
dumb-ass,1
pompus,1
survived,1
zimzalabim,1
swinging,1
strangle,1
anti-nativism,1
questioning,1
f-ing,1
honest,1
turning,1
britsh,1
pascal,1
mei,1
anusses,1
snooker,1
earliest,1
refuse,1
puppets,1
smart,1
penetrate,1
shameful,1
samaria,1
forever,1
nai,1
nair,1
remaines,1
needed,1
chng,1
assed,1
paint,1
megalomaniacal,1
thingayo,1
1737178250,1
beige,1
shove,1
grabbing,1
slaughtered,1
120am,1
marry,1
wonderful,1
minor,1
friendsi,1
patton,1
ranchi,1
ewwww,1
walters,1
mayor,1
thunderstreak,1
satisfy,1
inferior,1
ranger,1
bombing,1
нещастно,1
dramatically,1
siding,1
charity,1
tag,1
keen,1
-stdhs,1
kickin,1
delted,1
armenain,1
claimed,1
fucing,1
freinds,1
nigger-loving,1
ure,1
beatles,1
archimides,1
discredit,1
persist,1
yoour,1
terroriststheyre,1
disturbed,1
protests,1
90000,1
proselytize,1
standard,1
