you,5929
fuck,3267
i,1893
a,1732
suck,1525
shit,1515
ass,1449
the,1292
is,1181
u,1179
are,1096
yourself,919
die,912
and,838
fucking,820
of,792
to,746
your,718
my,708
in,707
go,706
cunt,697
yourselfgo,621
nigger,593
me,532
kill,525
wikipedia,524
piece,447
cock,430
will,406
off,404
damn,386
gay,385
fucker,373
faggot,368
rape,366
offfuck,360
this,359
mexicans,356
sucks,348
anal,342
bitch,338
fat,337
bitchesfuck,333
am,318
cocksucker,311
bitchfuck,311
,304
mothjer,304
bunksteve,278
assfuck,277
can,269
dick,259
that,258
penissmall,249
going,244
bastard,242
like,231
securityfuck,227
homeland,227
it,226
d,224
useless,221
up,220
with,218
bot,217
block,214
ancestryfuck-off-jewish,207
get,207
wiki,193
have,189
loves,188
shitfuck,182
for,179
atheist,178
bradbury,177
anthony,177
cocksucking,175
fired,168
on,165
must,164
shut,158
jim,158
wales,156
all,153
pigs,153
drink,149
bleachanhero,148
don't,144
if,143
here,141
bitchmattythewhite,139
lick,137
pro-assadhanibal911you're,134
thieves,131
page,131
no,129
haahhahahah,128
life,128
yaaa,128
yaaaaah,128
suck'u,127
about,122
eat,122
what,122
8dpenis,118
edits,117
so,117
loser,113
admins,112
an,108
come,108
cunts,107
work,107
penis,106
cocks,105
nice,104
hate,103
big,102
murder,102
who,101
removing,101
do,100
notrhbysouthbanof,100
communism,100
right,100
down,99
post,99
not,99
still,98
be,97
mum,96
talk,95
information,95
said,93
eats,93
homo,92
asshole,91
whore,90
edie,90
they,90
di,90
bitches,88
fuckin,86
usernhrhs2010,85
romney,84
computeri,84
mitt,84
it's,83
mesan,81
california,81
diego,81
chula,81
give,81
shitheadi,81
thanks,81
vista,81
arrest,81
reading,80
as,79
dickfucking,78
know,78
jasenm222,78
stupid,77
edit,77
ban,75
king,73
god,73
chink,72
mother,72
njgw,72
watching,72
fun,72
where,72
little,71
ruining,71
jforget,70
bestfrozen,69
raid,69
lion,69
threads,68
rvv,68
things,67
blank,67
people,67
coward,66
you're,66
just,64
sucku,64
from,63
libtard,62
or,62
idea,62
fuckbags,61
mods,61
limped-dicked,61
kike,60
i'm,60
by,59
ugly,58
credit,57
due,57
nate,56
love,54
censorship,53
he,53
stop,53
why,52
censor,52
american,52
scum,52
again,51
continue,51
asian,51
nl33ers,50
take,49
shitty,48
was,47
hell,46
how,45
over,44
then,44
motherfucker,43
youcaltlas,42
d31r,42
but,42
r,41
live,41
need,41
gonna,40
hey,40
some,39
n,38
idiot,37
at,37
out,37
because,36
one,35
hope,35
should,35
pussy,35
would,34
long,34
think,33
didn't,33
son,32
i'll,32
malusia,31
name,31
warning,31
did,31
ashol,31
being,30
want,29
her,29
assholeyou,29
hahahahahahahahahahahahaha,29
time,28
dumb,28
his,28
bitchmother,28
them,28
tell,28
ur,27
cant,27
hi,26
account,26
caltlas,26
filter,26
fag,26
its,26
good,26
wrote,26
dust,25
head,25
more,25
old,25
day,25
other,25
got,25
sign,25
make,25
everyday,25
unemployed,25
dont,24
rots,24
world,24
outside,24
steal,24
too,24
back,24
password,24
real,24
never,23
im,23
she,23
user,23
now,23
nothing,22
something,22
pedo,22
leave,22
before,22
than,22
she's,22
we,22
monkeyman,22
own,22
face,22
oh,21
won't,21
gg,21
such,21
sloppy,21
saaaaad,21
f,21
him,21
well,21
ip,20
when,20
article,20
ever,20
has,20
dirty,20
way,20
blocked,20
there,20
yo,19
even,19
fuckfuckfuckfuckfuckfuckfuckfuckfuckfuckfuckfuckfuckfuckfuckfuckfuckfuckfuckfuckfuckfuckfuckfuck,19
delete,19
also,19
prick,19
see,19
man,19
any,18
suckersyou,18
say,18
nazi,18
mom,18
mean,18
can't,18
editing,17
into,17
-,17
only,17
made,16
try,16
every,16
really,16
let,16
their,16
dog,16
motherfucking,16
guys,16
site,15
fucked,15
pathetic,15
dare,15
family,15
done,15
had,15
away,15
wrong,15
someone,14
articles,14
after,14
nl33ersi,14
keep,14
c,14
until,14
jew,14
look,14
hello,14
retarded,14
deleting,13
does,13
everyone,13
dead,13
year,13
please,13
whole,13
filthy,13
us,13
jerk,12
wheelchairi,12
thing,12
may,12
which,12
catholic,12
ya,12
alone,12
admin,12
been,12
balls,12
butt,11
pages,11
doing,11
moron,11
o,11
crap,11
first,11
another,11
i've,11
around,11
spotty,11
find,11
death,11
mouth,11
better,11
much,11
guess,10
using,10
last,10
new,10
revert,10
those,10
you'll,10
rot,10
idiots,10
yeah,10
cum,10
slut,10
act,10
ill,10
fuckin',10
bad,10
hole,10
hard,10
fucks,10
deleted,10
internet,10
comments,10
g,10
billcj,10
add,9
nerd,9
ps,9
these,9
billcj's,9
message,9
says,9
raped,9
wanna,9
problem,9
actually,9
sex,9
racist,9
bag,9
sucker,9
were,9
2,9
looking,9
through,9
child,9
trying,9
·,9
while,9
computer,9
stick,9
giving,9
getting,9
once,9
job,9
instead,9
doosh,9
sucking,9
everything,9
probably,9
yes,8
yourselves,8
white,8
wit,8
most,8
brain,8
change,8
mah,8
great,8
our,8
vandalize,8
sorry,8
homosexual,8
t,8
personal,8
bet,8
understand,8
cult,8
person,8
bunch,8
doesn't,8
second,8
true,8
stuff,8
retard,8
assholes,8
small,8
gets,8
lol,8
k,8
da,8
blocking,8
quit,8
use,8
stay,8
times,8
left,8
enough,7
religion,7
many,7
fine,7
piss,7
full,7
worthless,7
dumbass,7
sad,7
history,7
vagina,7
listen,7
editors,7
boy,7
father,7
nigga,7
users,7
watch,7
pig,7
',7
making,7
geek,7
views,7
truth,7
loving,7
thought,7
seen,7
perfectly,7
under,7
believe,7
house,7
ha,7
maybe,7
care,7
muslim,7
posted,7
3,7
remember,7
bloody,7
self,7
lover,7
added,7
cause,6
fuckers,6
fuk,6
ahead,6
6215873165,6
onto,6
that's,6
fk,6
douche,6
human,6
tits,6
shoot,6
show,6
call,6
home,6
korean,6
yet,6
land,6
game,6
side,6
daughter,6
bit,6
laugh,6
dude,6
huh,6
yours,6
dicks,6
power,6
makes,6
guy,6
anything,6
rapist,6
sources,6
source,6
kid,6
talking,6
cut,6
ground,6
banned,6
learn,6
cuz,6
kids,6
seriously,6
wife,6
night,6
write,6
hours,6
against,6
comment,6
days,6
vandalism,6
paul,6
laid,6
since,6
address,6
forever,6
war,6
burn,6
open,6
5,6
indian,6
put,6
two,6
grandma,6
he's,6
friends,6
spongebob,6
tibbit,6
point,5
blood,5
wtf,5
next,5
kind,5
english,5
featured,5
what's,5
band,5
sister,5
jews,5
wants,5
kiss,5
having,5
biased,5
sandbox,5
awww,5
hes,5
fucken,5
1,5
ain't,5
fix,5
fu-king,5
10,5
different,5
youre,5
attack,5
reason,5
david,5
fcking,5
licking,5
coming,5
might,5
reverting,5
free,5
search,5
grow,5
hot,5
fall,5
fascist,5
speech,5
isn't,5
place,5
putting,5
mother's,5
george,5
children,5
less,5
cancer,5
shove,5
came,5
screw,5
finger,5
throat,5
touch,5
feel,5
playing,5
anus,5
means,5
wish,5
wanker,5
takes,5
korea,5
wait,5
you've,5
website,5
4,5
arse,5
read,5
same,5
county,5
told,5
gawd,5
could,5
metal,5
opinion,5
dickhead,5
smell,5
accounts,5
ok,5
whores,5
punk,5
ideals,5
animal,4
okay,4
calling,4
miserable,4
wikipediadeath,4
jujube,4
used,4
replies,4
taken,4
least,4
hairy,4
rest,4
fact,4
america,4
fraud,4
jujubedestroy,4
attacking,4
saw,4
i'd,4
christ,4
e,4
troll,4
wank,4
indians,4
son's,4
language,4
freak,4
image,4
cry,4
fucktard,4
dreadstar,4
vandal,4
teacher,4
proxy,4
meat,4
spot,4
stand,4
book,4
very,4
chicken,4
respect,4
body,4
id,4
johnson,4
issues,4
opinions,4
sock,4
retards,4
hair,4
funny,4
eye,4
begins,4
spamming,4
worse,4
men,4
mexican,4
mom's,4
sick,4
republican,4
plz,4
jujubefuck,4
thats,4
gun,4
disgusting,4
each,4
problems,4
anyway,4
thank,4
goddamn,4
super,4
huge,4
step,4
sound,4
extra,4
fool,4
wikipediadestroy,4
shouldn't,4
girl,4
terri,4
hooker,4
far,4
serious,4
remove,4
rather,4
poor,4
business,4
evil,4
faith,4
enjoy,4
wipe,4
trolls,4
ball,4
best,4
reverts,4
movie,4
deserve,4
completely,4
liberal,4
bla,4
urself,4
puppet,4
facebook,4
duck,4
help,4
provide,4
suckers,4
twat,4
case,4
choke,4
bhadva,4
bring,4
view,4
loik,4
anyone,4
nerds,4
today,4
bashing,4
earth,4
ignorant,4
abuse,4
lying,4
save,4
fuckng,4
nation,4
list,4
w,4
shot,4
question,4
dragon,4
absolute,4
jack,4
6,4
americans,4
mention,4
jesus,4
posts,4
fags,4
fuckface,4
else,4
school,4
mistake,4
douchebag,4
attention,4
part,4
boys,4
fing,4
attacks,4
force,3
's,3
'''fuck,3
wow,3
titties,3
fcuk,3
content,3
betta,3
nerdy,3
fail,3
mothers,3
pile,3
top,3
pussies,3
sucka,3
'''''',3
clear,3
father's,3
sack,3
you’re,3
jacko,3
telling,3
picture,3
hitler,3
losers,3
section,3
peice,3
gives,3
8,3
however,3
political,3
btw,3
smelly,3
waste,3
report,3
garbage,3
fck,3
tells,3
grave,3
proxies,3
control,3
neo-nazi,3
called,3
lives,3
20,3
south,3
hide,3
single,3
jd,3
knock,3
appeal,3
communist,3
baby,3
bich,3
buy,3
freedom,3
aren't,3
daughter's,3
dat,3
rules,3
joke,3
hahaha,3
consider,3
finally,3
extend,3
raping,3
damage,3
sending,3
sucked,3
swastika,3
p,3
queer,3
wide,3
commie,3
bum,3
vile,3
jus,3
motherfuckin,3
few,3
dahn,3
adding,3
education,3
jackass,3
h,3
abusive,3
referring,3
both,3
agree,3
conflict,3
edited,3
support,3
dbachmann,3
whine,3
bringing,3
written,3
either,3
authority,3
without,3
crazy,3
deletion,3
religions,3
spends,3
profanity,3
nu,3
crack,3
editor,3
claims,3
action,3
knew,3
allowed,3
donkey,3
sonofabitch,3
uk,3
deserves,3
slave,3
people's,3
forgot,3
licker,3
personally,3
hack,3
seems,3
prohibited,3
pieces,3
we're,3
gave,3
spreading,3
puta,3
pst,3
happy,3
administrator,3
music,3
comes,3
monkeys,3
cool,3
hurt,3
dispute,3
pay,3
guns,3
sand,3
peoples,3
sleep,3
otherwise,3
girlfriend,3
18,3
whose,3
computers,3
check,3
social,3
nasty,3
wacko,3
rude,3
bullshit,3
correct,3
discussion,3
sticking,3
likes,3
biggest,3
able,3
hates,3
tag,3
names,3
set,3
hypocrite,3
beat,3
fuk1ng,3
basement,3
india,3
end,3
buddism,3
already,3
insult,3
wouldn't,3
trade,3
red,3
motherfuckers,3
genre,3
corrupt,3
geeky,3
wanted,3
2004,3
hand,3
sure,3
close,3
party,3
2006,3
nazis,3
parents,3
fair,3
mutha,3
reliable,3
news,3
dies,3
bang,3
bush,3
kangaroo,3
obviously,3
tonight,3
err,3
rajputs,3
b,3
connection,3
badgujjars,3
plenty,3
hit,3
y,3
reality,3
turd,3
''',3
start,3
moist,3
play,3
yuk,3
littlemountain5,3
posting,3
meet,3
cynical,3
trash,3
break,3
fuckhole,3
christian,3
sweet,3
unblock,3
heard,3
morons,3
pakistanis,3
total,3
horse,3
pakistan,3
complete,3
stuck,3
league,3
daddy,3
reference,3
sit,3
meaning,3
gays,3
master,3
warnings,3
administrators,2
likely,2
cat,2
tired,2
rock-hard,2
eyes,2
upon,2
vandalising,2
dad,2
beyond,2
stalker,2
telly,2
m,2
chair,2
high,2
line,2
guts,2
chop,2
weight,2
monkey,2
press,2
circle,2
appetite,2
factual,2
main,2
mc,2
arsath,2
glad,2
pakistani,2
disgrace,2
writings,2
killed,2
slobbers,2
ad,2
deletes,2
sour,2
favor,2
slide,2
original,2
1px,2
facing,2
especially,2
sir,2
born,2
smosh,2
re,2
fiend,2
fly,2
rectum,2
cheated,2
whom,2
matter,2
threats,2
couple,2
access,2
statements,2
pinarayi,2
ova,2
candidate,2
fa,2
bother,2
drugs,2
bite,2
falls,2
rabbit,2
cheapo,2
clean,2
hear,2
constructive,2
matters,2
revertin,2
met,2
flip,2
philosophical,2
mice,2
misery,2
hire,2
rajput,2
nobody,2
fagget,2
grammar,2
needs,2
become,2
lou,2
weed,2
followed,2
encyclopedia,2
comedian,2
faggots,2
ten,2
knowing,2
ilchee,2
age,2
rhetoric,2
fish,2
treat,2
member,2
policy,2
homie,2
anti-catholic,2
bill,2
though,2
itself,2
important,2
won’t,2
reply,2
bible,2
symbol,2
joe,2
trolling,2
gigantic,2
21,2
black,2
flying,2
fixes,2
negro,2
aryans,2
fagg0t,2
gujjars,2
democracy,2
arr,2
fuckon,2
weasel,2
stinky,2
camel,2
given,2
fed,2
dickwad,2
vandalizing,2
ready,2
shit-eating,2
computa,2
leaving,2
8d,2
hold,2
merciless,2
worry,2
lets,2
hav,2
including,2
others,2
gray,2
solid,2
wicked,2
bullies,2
looks,2
hiding,2
jeepday,2
jump,2
semite,2
saying,2
insulting,2
there's,2
tht,2
foul,2
cited,2
middle,2
present,2
cabal,2
girls,2
reinhard,2
avoid,2
follow,2
forestgarden,2
constantly,2
don’t,2
twit,2
low,2
writing,2
friend,2
lambs12,2
ivy,2
keith,2
shithead,2
bucklehead,2
often,2
we'll,2
needed,2
protocols,2
forward,2
splatter,2
negroid,2
feces,2
wat,2
terrorism,2
accept,2
unblocked,2
anon,2
sıde,2
years,2
always,2
north,2
makin,2
feeling,2
note,2
entire,2
sitting,2
sons,2
ruined,2
fukin,2
childrens,2
spent,2
shop,2
donohue,2
skin,2
mommmmmmmmmmm,2
dozen,2
trouted,2
whether,2
gas,2
chaaaaa,2
bloggers,2
title,2
burns,2
phelps,2
blow,2
wer,2
race,2
president,2
lout,2
cowardly,2
sexy,2
noticed,2
devout,2
heck,2
wikipedia's,2
pow,2
tiny,2
spineless,2
between,2
aint,2
12,2
private,2
networking,2
ditch,2
indus,2
bounty,2
brains,2
fathersucker,2
fuckan,2
worst,2
strike,2
rowspan2,2
propaganda,2
realize,2
leftist,2
send,2
lose,2
lots,2
appropriate,2
irish,2
project,2
virgin,2
autoblock,2
tv,2
above,2
jockey,2
wheelchair,2
b1tch,2
suede,2
krazy,2
request,2
attitude,2
none,2
'''',2
utc,2
malaysians,2
cheers,2
favorite,2
criticism,2
asceticrose,2
weirdos,2
enema,2
straight,2
spell,2
touched,2
word,2
akhtak,2
bed,2
ta,2
michael,2
collapsed,2
aware,2
rr2,2
shithole,2
additions,2
mad,2
lead,2
past,2
paki,2
individual,2
run,2
wikipedians,2
inch,2
forget,2
fit,2
mr,2
s,2
myself,2
smoker,2
belong,2
sukker,2
jobs,2
requirements,2
cluebot,2
ms,2
ticket,2
rapes,2
plays,2
mind,2
unsatisfied,2
lower,2
mistakes,2
pm,2
maggot,2
boss,2
books,2
homosexuals,2
agent,2
consideration,2
general,2
catholic-bashing,2
dynamic,2
ips,2
citations,2
reset,2
bro,2
bagel,2
horribly,2
2005,2
fckin,2
yawn,2
unsigned,2
attempting,2
luck,2
banging,2
punch,2
went,2
ask,2
include,2
evidence,2
doesnt,2
amazing,2
asses,2
hired,2
alright,2
alot,2
acts,2
tt,2
therefore,2
swear,2
wound,2
laughing,2
buck,2
quite,2
advantage,2
shitting,2
rich,2
ww2,2
seeing,2
copyright,2
info,2
lands,2
awful,2
humans,2
found,2
claim,2
unlikely,2
dikkkkk,2
shits,2
seanmack,2
racism,2
thumping,2
newsactivism,2
jam,2
couch,2
bullied,2
university,2
drew,2
drop,2
cock-sucking,2
consensus,2
happen,2
unless,2
hopefully,2
lil,2
wobbs,2
dis,2
muzemike,2
august,2
whatever,2
scumbag,2
sites,2
started,2
lock,2
devil,2
cracka,2
asyriac,2
blok,2
trouble,2
goal,2
collect,2
crikey,2
brute,2
commercial,2
bignole,2
champion,2
pretending,2
mindless,2
victim,2
photo,2
ann,2
toad,2
wanking,2
•,2
hayes,2
sysops,2
assface,2
semen,2
false,2
15,2
desperate,2
everybody,2
tough,2
infinite,2
statement,2
wasnt,2
incest,2
freakin,2
kellermann,2
speak,2
group,2
attempt,2
2007,2
stupidity,2
paper,2
remarks,2
sharmota,2
honkey,2
harry,2
bongwarrior,2
answer,2
famous,2
civil,2
anatomically,2
naked,2
merged,2
fault,2
fcker,2
sluts,2
eating,2
wasting,2
fuckhead,2
bussiness,2
available,2
obnoxious,2
contact,2
working,2
tried,2
lost,2
furthermore,2
john,2
th,2
believes,2
ymblanter,2
paedophile,2
citation,2
properly,2
dik,2
bull,2
pimply,2
clueless,2
youtube,2
kick,2
rascal,2
email,2
appreciate,2
sacrificed,2
dhoni,2
finish,2
croatian,2
seconds,2
σ,2
proof,2
porn,2
count,2
latin,2
plums,2
cannot,2
paste,2
giant,2
imbecile,2
massive,2
button,2
three,2
saddo,2
whack,2
vandals,2
sofa,2
930,2
molester,2
kiddy,2
reporting,2
accuse,2
manipulate,2
lack,2
sun,2
universe,2
realy,2
niggers,2
hockey,2
gain,2
2010,2
50,2
swine,2
reverted,2
fascists,2
re-correct,2
heretics,2
hang,2
isnt,2
pants,2
presidential,2
powers,2
within,2
ant,2
final,2
swallow,2
mental,2
vito,2
proves,2
google,2
air,2
wonder,2
front,2
rick,2
decide,2
loose,2
arab,2
horny,2
moore,2
pretend,2
fire,2
excuse,2
society,2
arrogant,2
mary,2
wog,2
wear,2
rock,2
huns,2
hated,2
track,2
chk,2
other's,2
prosttute,2
type,2
themselves,2
rip,2
heart,2
behind,2
haha,2
they'll,2
conversation,2
exactly,2
orange,2
fantasy,2
leech,2
beeblebrox,2
fuking,2
donate,2
multiple,2
living,2
vandalise,2
worm,2
gunna,2
kingdom,2
didnt,2
women,2
happens,2
puppets,2
meaningless,2
incorrect,2
toe,2
bout,2
pissed,2
jun,2
blame,2
pc,2
rap,2
valley,2
bigger,2
cares,2
state,2
tries,2
signed,2
charade,2
de,2
lunatic,2
username,2
prove,2
yeahhhhh,2
wash,2
removed,2
according,2
complicated,2
unwanted,2
sore,2
dick-sagging,1
administration,1
pizza,1
dickfag,1
rifle,1
mahonerz,1
politically,1
acting,1
buddies,1
we've,1
trans,1
bastarrd,1
screaming,1
masturbate,1
hood,1
major,1
duded,1
wiggers,1
joint,1
pdt,1
murdering,1
returned,1
terminating,1
whatthefuck,1
otegheri,1
fence,1
june,1
fers,1
crushed,1
592,1
park,1
psychosis,1
focus,1
sub,1
level,1
gods,1
links,1
4chan,1
sphincter,1
moto,1
jonathon,1
hindus,1
villian,1
plonker,1
wrestleu,1
jeremy,1
infringe,1
drilled,1
ehi,1
septic,1
remains,1
someday,1
farther,1
suckitude,1
hog,1
herb,1
shoes,1
euromaidan,1
trap,1
ky,1
tireless,1
bhadani's,1
protecting,1
sorrow,1
united,1
df,1
saruj,1
among,1
soon,1
rat,1
challenge,1
appear,1
angered,1
hub,1
married,1
phnom,1
garden,1
tel,1
neutral,1
thru,1
population,1
faggotttttttt,1
fitting,1
colawhat,1
although,1
goddamnit,1
siblings,1
auburnpilot,1
rsvp,1
natlie,1
promblem,1
describe,1
spattering,1
80,1
pull,1
expletive,1
clue,1
emit,1
offensive,1
emptiness,1
huggers,1
targeting,1
dread-bolted,1
dawnseeker2000,1
corpse,1
suuck,1
preceding,1
national,1
batch,1
speaks,1
hexachord,1
sexdbachmann,1
simultaneously,1
spotted,1
webkinz,1
released,1
stickin,1
cracker,1
diff1,1
skullbig,1
nu-metal,1
food,1
boo,1
epfnot,1
concentrating,1
daniel,1
reaseon,1
apology,1
philip,1
recommended,1
scratching,1
you'd,1
rhythm,1
musa,1
gangsta,1
engage,1
nincompoop,1
roman,1
currently,1
passed,1
frisco,1
fattie,1
ass',1
cumd,1
suprised,1
pray,1
colord,1
thread,1
jossel,1
bagcok,1
unknown,1
itnc,1
wees,1
minutes,1
oreo,1
nut,1
schmeaters,1
festering,1
ways,1
snob,1
fear,1
player,1
og's,1
idependent,1
mavens,1
blamed,1
mark,1
existence,1
infact,1
baklava,1
suckdickeer,1
losting,1
wha's,1
messagecontact,1
submit,1
equivalent,1
scientist,1
previously,1
24,1
weak,1
unintellectual,1
biitch,1
joey,1
tolerance,1
recplex,1
gladysbut,1
heat,1
goddamned,1
decent,1
prepare,1
fuckheads,1
harass,1
clog,1
guidelines,1
fixed,1
kinda,1
aka,1
groper,1
mercury,1
drunk,1
putrescent,1
igho,1
hits,1
knight,1
ladies,1
fromt,1
twice,1
employed,1
handed,1
mubedeon,1
forum,1
jungle,1
dregs,1
noticing,1
hel,1
pablo,1
nonsense,1
anonymous,1
deep-,1
unitellectual,1
cunt9416820489,1
hijo,1
underpinnings,1
penguin,1
jaffrey,1
kafziel,1
lunch,1
6ft,1
pick,1
ck,1
anywhere,1
zoe,1
itsahappyday,1
update,1
vulgar,1
sadness,1
lesbian,1
changing,1
hatin',1
x,1
squeeze,1
cockup,1
terroris,1
ass-eaters,1
dennis,1
ape,1
caspa,1
promi-us,1
portrayals,1
testicles,1
1987,1
richly,1
money,1
bog,1
rapper,1
tor,1
importance,1
murphy,1
cop-,1
rips,1
thumbing,1
ignoble,1
pov,1
unplug,1
flygayguy649,1
deuce,1
wayare,1
knowledge,1
dick''',1
indeed,1
rewritten,1
toilet,1
batty,1
wildlife,1
gob-kissing,1
asslicker,1
fawning,1
foolish,1
stopping,1
ages,1
jewish,1
bruce,1
multipronged,1
yourcousin,1
sight,1
‘the,1
re-edits,1
visiting,1
road,1
shoult,1
video,1
warrior-,1
inhuman,1
weary,1
i’m,1
nun,1
floor,1
continually,1
regular,1
italian-british,1
tdi,1
fanboys,1
uses,1
puerto,1
90400,1
144131176126,1
shed,1
ciara,1
temporary,1
1141791835,1
snow,1
campaign,1
hahahahahaha,1
labor,1
marcotte,1
cell,1
shitface,1
bettor,1
stoms,1
contempt,1
mi,1
woofter,1
stickers,1
struten,1
disabled,1
catholicism,1
jealous,1
members,1
supporting,1
youfor,1
hearing,1
cage,1
scumbag-wikipedia,1
bastardo,1
bitter,1
represents,1
priks,1
grannies,1
starved,1
games,1
squintey,1
improvement,1
v,1
masterbate,1
winkipedia,1
boot,1
man-hag,1
qamishli,1
van,1
1421628592,1
watches,1
squalid,1
hopeless,1
coffee,1
beige,1
edputa,1
author,1
doubt,1
giambi,1
messages,1
current,1
rolls,1
presented,1
hacker,1
folks,1
public,1
soulja,1
shitbag,1
82132244134,1
conerted,1
stabs,1
slips,1
burgers,1
chanting,1
coments,1
wishing,1
entry,1
petrillo,1
n00b,1
kicks,1
unpleasantness,1
marxist,1
rookie,1
stikin,1
faces,1
warrington,1
uncivil,1
haven't,1
suffer,1
poorly,1
commun,1
scored,1
cover,1
knees,1
mut,1
bully,1
drown,1
swallowed,1
circus,1
stupid-,1
cafes,1
incident,1
awbern,1
olberman,1
sista,1
questions,1
fagetyou,1
i’ll,1
fok,1
tie,1
static,1
phd,1
wwe,1
beak,1
horrid,1
demeaning,1
slice,1
wilson,1
promise,1
represent,1
deadbeat,1
forthcoming,1
robust,1
zanetti,1
mailman,1
taht,1
anu,1
bleed,1
peters,1
yeeeeeeeee,1
flies,1
sb,1
tempered,1
sri,1
flat,1
thnk,1
cnn,1
paychecks,1
torres,1
joadfyh,1
gibson,1
assistant,1
wh,1
photos,1
fuycker,1
wikipeida,1
heavy,1
squashed,1
pour,1
85550,1
nick's,1
marybelle,1
dieeeee,1
niggas,1
carolina,1
creasy,1
asswipe,1
raghav,1
pinoccio,1
whoever,1
ooooon,1
forms,1
defeat,1
dance,1
hungry,1
digs,1
nixonian,1
kellynlane,1
chillin,1
test,1
abandon,1
gon,1
oi,1
occupied,1
nnnnnnnnnnnnniiiiggggggggggggaaaaaaaaaand,1
identity,1
guide,1
thinks,1
diks,1
deathtard,1
backwards,1
kash,1
shitsville,1
canada,1
netmonger,1
euphemistically,1
heretic,1
jammu,1
mass,1
sec,1
santos,1
relevant,1
78,1
grawp’s,1
chamber,1
mulatto,1
offended,1
cun,1
niggaz,1
discrimination,1
basics,1
rolling,1
briefly,1
tiny-fisted,1
nerve,1
sent,1
realised,1
pound,1
accurate,1
new-ish,1
pals,1
pic,1
musarabbyahmad,1
wikiholiday,1
words,1
addresses,1
sof,1
tight,1
kissing,1
gotta,1
cusssssssse,1
crew,1
mallus,1
portuguese,1
brit,1
tosser,1
wh0res,1
turkish,1
fu©king,1
fascit,1
99241217133,1
moi,1
weenie,1
2008,1
homies,1
mosh,1
spech,1
dathere's,1
somebody,1
gotten,1
waiting,1
subhuman,1
uncontaminated,1
translate,1
yyou,1
mama,1
amount,1
beggings,1
tucky,1
silly,1
link,1
sove,1
overflowing-with-feces,1
prominent,1
wearin,1
significant,1
shite,1
badgujjar,1
sludge,1
razor,1
stylevertical-align,1
sod,1
alert,1
waterboard,1
documentary,1
tlk,1
chance,1
harm,1
violent,1
intellect,1
prefer,1
strap,1
hahahaha''',1
94601,1
conduct,1
shave,1
timely,1
authors,1
75175233227,1
shopsbasically,1
unprotected,1
gogo,1
voyeurism,1
lawyer,1
assume,1
theirs,1
ohnoitsjamie,1
absolutely,1
cowworshipping,1
watched,1
moment,1
influence,1
bann,1
reverters,1
range,1
j,1
secpond,1
warn,1
tube,1
husband,1
hijra,1
advance,1
ff,1
smashed,1
farshists,1
adress,1
timeline,1
pacifier,1
lab,1
concieve,1
nip,1
scrappy,1
ewwww,1
bate,1
slaking,1
declineniggers,1
12092006,1
palau,1
portion,1
pulsating,1
filled,1
billy,1
0545,1
rajputsnot,1
chee-chee,1
antartica,1
dickmania,1
piss-ass,1
ago,1
expletive-laced,1
gayass,1
lot,1
lamer,1
diddums,1
pope,1
snotbox,1
court,1
clapper-clawed,1
apologize,1
slaughter,1
valid,1
dime,1
differences,1
reminder,1
utorrant,1
half,1
fuckfuckfuckfuckfuckfuckfuckfuckfuckfuckfuckfuckfuckfuckfuckfuckfuckfuckfuckfuckfuckfuckfuckfuckfuckfuckfuckfuckfuckfuckfuckfuckfuckfuckfuckfuckfuckfuckfuckfuckfuckfuckfuckfuckfuckfuckfuckfuckfuckfuckfuckfuckfuckfuckfuckfuckfuckfuckfuckfuckfuckfuckfuckfuckfuckfuckfuckfuckfuckfuckfuckfuckfuckfuckfuckfuckfuckfuckfuckfuckfuckfuckfuckfuckfuckfuckfuckfuckfuckfuckfuckfuckfuckfuckfuckfuckfuckfuckfuckfuckfuckfuckfuckfuckfuckfuckfuckfuckfuckfuckfuckfuckfuckfuckfuckfuckfuckfuckfuckfuckfuckfuckfuckfuckfuckfuckfuckfuckfuckfuckfuckfuckfuckfuckfuckfuckfuckfuckfuckfuckfuckfuckfuckfuckfuckfuckfuckfuckfuckfuckfuckfuckfuckfuckfuckfuckfuckfuckfuckfuckfuckfuckfuckfuckfuckfuckfuckfuckfuckfuckfuckfuckfuckfuckfuckfuckfuckfuckfuckfuckfuckfuckfuckfuckfuckfuckfuckfuckfuckfuckfuckfuckfuckfuckfuckfuckfuckfuckfuckfuckfuckfuckfuckfuckfuckfuckfuckfuckfuckfuckfuckfuckfuckfuckfuckfuckfuckfuckfuckfuckfuckfuckfuckfuckfuckfuckfuckfuckfuckfuckfuckfuckfuckfuckfuckfuckfuckfuckfuckfuckfuckfuckfuckfuckfuckfuckfuckfuckfuckfuckfuckfuckfuckfuckfuckfuckfuckfuckfuckfuckfuckfuckfuckfuckfuckfuckfuckfuckfuckfuckfuckfuckfuckfuckfuckfuckfuckfuckfuckfuckfuckfuckfuckfuckfuckfuckfuckfuckfuckfuckfuckfuckfuckfuckfuckfuckfuckfuckfuckfuckfuckfuckfuckfuckfuckfuckfuckfuckfuckfuckfuckfuckfuckfuckfuckfuckfuckfuckfuckfuckfuckfuckfuckfuckfuckfuckfuckfuckfuckfuckfuckfuckfuckfuckfuckfuckfuckfuckfuckfuckfuckfuckfuckfuckfuckfuckfuckfuckfuckfuckfuckfuckfuckfuckfuckfuckfuckfuckfuckfuckfuckfuckfuckfuckfuckfuckfuckfuckfuckfuckfuckfuckfuckfuckfuckfuckfuckfuckfuckfuckfuckfuckfuckfuckfuckfuckfuckfuckfuckfuckfuckfuckfuckfuckfuckfuckfuckfuckfuckfuckfuckfuckfuckfuckfuckfuckfuckfuckfuckfuckfuckfuckfuckfuckfuckfuckfuckfuckfuckfuckfuckfuckfuckfuckfuckfuckfuckfuckfuckfuckfuckfuckfuckfuckfuckfuckfuckfuckfuckfuckfuckfuckfuckfuckfuckfuckfuckfuckfuckfuckfuckfuckfuckfuckfuckfuckfuckfuckfuckfuckfuckfuckfuckfuckfuckfuckfuckfuckfuckfuckfuckfuckfuckfuckfuckfuckfuckfuckfuckfuckfuckfuckfuckfuckfuckfuckfuckfuckfuckfuckfuckfuckfuckfuckfuckfuckfuckfuckfuckfuckfuckfuckfuckfuckfuckfuckfuckfuckfuckfuckfuckfuckfuckfuckfuckfuckfuckfuckfuckfuckfuckfuckfuckfuckfuckfuckfuckfuckfuckfuckfuckfuckfuckfuckfuckfuckfuckfuckfuckfuckfuckfuckfuckfuckfuckfuckfuckfuckfuckfuckfuckfuckfuckfuckfuckfuckfuckfuckfuckfuckfuckfuckfuckfuckfuckfuckfuckfuckfuckfuckfuckfuckfuckfuckfuckfuckfuckfuckfuckfuckfuckfuckfuckfuckfuckfuckfuckfuckfuckfuckfuckfuckfuckfuckfuckfuckfuckfuckfuckfuckfuckfuckfuckfuckfuckfuckfuckfuckfuckfuckfuckfuckfuckfuckfuckfuckfuckfuckfuckfuckfuckfuckfuckfuckfuckfuckfuckfuckfuckfuckfuckfuckfuckfuckfuckfuckfuckfuckfuckfuckfuckfuckfuckfuckfuckfuckfuckfuckfuckfuckfuckfuckfuckfuckfuckfuckfuckfuckfuckfuckfuckfuckfuckfuckfuckfuckfuckfuckfuckfuckfuckfuckfuckfuckfuckfuckfuckfuckfuckfuckfuckfuckfuckfuckfuckfuckfuckfuckfuckfuckfuckfuckfuckfuckfuckfuckfuckfuckfuckfuckfuckfuckfuckfuckfuckfuckfuckfuckfuckfuckfuckfuckfuckfuckfuckfuckfuckfuckfuckfuckfuckfuckfuckfuckfuckfuckfuckfuckfuckfuckfuckfuckfuckfuckfuckfuckfuckfuckfuckfuckfuckfuckfuckfuckfuckfuckfuckfuckfuckfuckfuckfuckfuckfuckfuckfuckfuckfuckfuckfuckfuckfuckfuckfuckfuckfuckfuckfuckfuckfuckfuckfuckfuckfuckfuckfuckfuckfuckfuckfuckfuckfuckfuckfuckfuckfuckfuckfuckfuckfuckfuckfuckfuckfuckfuckfuckfuckfuckfuckfuckfuckfuckfuckfuckfuckfuckfuckfuckfuckfuckfuckfuckfuckfuckfuckfuckfuckfuckfuckfuckfuckfuckfuckfuckfuckfuckfuckfuckfuckfuckfuckfuckfuckfuckfuckfuckfuckfuckfuckfuckfuckfuckfuckfuckfuckfuckfuckfuckfuckfuckfuckfuckfuckfuckfuckfuckfuckfuckfuckfuckfuckfuckfuckfuckfuckfuckfuckfuckfuckfuckfuckfuckfuckfuckfuckfuckfuckfuckfuckfuckfuckfuckfuckfuckfuckfuckfuckfuckfuckfuckfuckfuckfuckfuckfuckfuckfuckfuckfuckfuckfuckfuckfuckfuckfuckfuckfuckfuckfuckfuckfuckfuckfuckfuckfuckfuckfuckfuckfuckfuckfuckfuckfuckfuckfuckfuckfuckfuckfuckfuckfuckfuckfuckfuckfuckfuckfuckfuckfuckfuckfuckfuckfuckfuckfuckfuckfuckfuckfuckfuckfuckfuckfuckfuckfuckfuckfuckfuckfuckfuckfuckfuckfuckfuckfuckfuckfuckfuckfuckfuckfuckfuckfuckfuckfuckfuckfuckfuckfuckfuckfuckfuckfuckfuckfuckfuckfuckfuckfuckfuckfuckfuckfuckfuckfuckfuckfuckfuckfuckfuckfuckfuckfuckfuckfuckfuckfuckfuckfuckfuckfuckfuckfuckfuckfuckfuckfuckfuckfuckfuckfuckfuckfuckfuckfuckfuckfuckfuckfuckfuckfuckfuckfuckfuckfuckfuckfuckfuckfuckfuckfuckfuckfuckfuckfuckfuckfuckfuckfuckfuckfuckfuckfuckfuckfuckfuckfuckfuckfuckfuckfuckfuckfuckfuckfuckfuckfuckfuckfuckfuckfuckfuckfuckfuckfuckfuckfuckfuckfuckfuckfuckfuckfuckfuckfuckfuckfuckfuckfuckfuckfuckfuckfuckfuckfuckfuckfuckfuckfuckfuckfuckfuckfuckfuckfuckfuckfuckfuckfuckfuckfuckfuckfuckfuckfuckfuckfuckfuckfuckfuckfuckfuckfuckfuckfuckfuckfuckfuckfuckfuckfuckfuckfuckfuckfuckfuckfuckfuckfuckfuckfuckfuckfuckfuckfuckfuckfuckfuckfuckfuckfuckfuckfuckfuckfuckfuckfuckfuckfuckfuckfuckfuckfuckfuckfuckfuckfuckfuckfuckfuckfuckfuckfuckfuckfuckfuckfuckfuckfuckfuckfuckfuckfuckfuckfuckfuckfuckfuckfuckfuckfuckfuckfuckfuckfuckfuckfuckfuckfuckfuckfuckfuckfuckfuckfuckfuckfuckfuckfuckfuckfuckfuckfuckfuckfuckfuckfuckfuckfuckfuckfuckfuckfuckfuckfuckfuckfuckfuckfuckfuckfuckfuckfuckfuckfuckfuckfuckfuckfuc,1
contributions,1
threatened,1
shts,1
dune,1
coincidence,1
hanibal911you're,1
stench,1
suit,1
rajputbut,1
fin,1
accolades,1
messing,1
nor,1
nearly,1
ponce,1
half-brained,1
prospects,1
mmmmmmmmmmmmmmmmmmmmmmmmmmk,1
salem,1
1141791837,1
ppl,1
alhanuty,1
timer,1
niagetty,1
ideology,1
foot-licking,1
particularly,1
glorius,1
sobriquet,1
cousin's,1
audi,1
shattered,1
smoke,1
livei,1
review,1
drini,1
freinds,1
crossing,1
gonesuck,1
guaranteed,1
modi,1
gs,1
thy,1
pachecoyou,1
snitch,1
youall,1
fiddling,1
refocus,1
heed,1
scope,1
good-for-nothing,1
eatin',1
gujjar,1
gits,1
you﻿,1
notices,1
vertical-align,1
narrow-minded,1
log,1
bs,1
trust,1
chutmarike,1
boisterous,1
singularity,1
busy,1
tildes,1
desires,1
alienated,1
laguage,1
minga,1
tags,1
carries,1
highschool,1
gleeking,1
sniff,1
predefine,1
chest,1
moncrief,1
lay,1
truthfuly,1
runs,1
strengthen,1
jonathan,1
tweeting,1
ocker,1
poke,1
а,1
background-color,1
seem,1
monday,1
zurich,1
shitheads,1
cold,1
bronson,1
vegetasaiyan,1
unimportant,1
dn,1
heads,1
february,1
ranked,1
murderers,1
breaks,1
'''hahhahaaha,1
mamby-pamby,1
couldn’t,1
com,1
faeget,1
laughs,1
wackpedia,1
salting,1
sum,1
13-year,1
gears,1
studying,1
haahh,1
bound,1
researched,1
columbia,1
auto,1
noxious,1
gayo68,1
somewhere,1
dehydrated-rock-hard,1
oven,1
promptly,1
wondering,1
gona,1
urinate,1
homepage,1
forgive,1
degenerate,1
vandalizingthen,1
shalamo,1
experiencing,1
disallow,1
fantasize,1
senator,1
precious,1
rr3,1
genius,1
fill,1
biatch,1
2noone,1
bends,1
whoop,1
artical,1
europeans,1
military,1
smother,1
cena,1
willy,1
censoring,1
multi-racial,1
offened,1
bloke,1
tj,1
sharp,1
earwax,1
escape,1
rabidly,1
yeesh,1
fugly,1
niggerlover,1
wheel,1
billcjs,1
drivel,1
1947,1
unknowing,1
regret,1
talkbacktdawg4701,1
salt,1
dreamcast,1
munching,1
race-denier,1
ma's,1
beds,1
greenman,1
supremacists,1
promotional,1
sort,1
china,1
unreservedly,1
anti-semitism,1
apples,1
dicksi,1
catholism,1
contribs,1
mums,1
week,1
seeks,1
'',1
contents,1
dnjqo,1
websites,1
americus,1
clouted,1
epiphany,1
minded,1
pecker,1
grandmother,1
arrested,1
asks,1
couples,1
antisemitic,1
online,1
–,1
deadly,1
monument,1
pagebut,1
wrestlerps,1
foundation,1
dick-fuck,1
pest,1
kkk,1
pantaloon,1
bands,1
cuzzling,1
bucket,1
bossy,1
nahi,1
satori,1
indoors,1
societal,1
deserved,1
likecocksucker,1
queenzeppelin,1
status,1
hurts,1
harassing,1
steve,1
itthe,1
dinner,1
fiskeharrison,1
wherever,1
jail,1
pillock,1
sisterfucker,1
stomp,1
restored,1
wannabe,1
aspects,1
wi,1
connections,1
priceless,1
chose,1
dignified,1
litter,1
701722,1
play’s,1
impress,1
'''suk,1
lift,1
mongrol,1
whiny-sissy,1
puerile,1
daddys,1
accused,1
goes,1
worked,1
agent's,1
lousy,1
here's,1
suffering,1
cockmaster,1
sense,1
confirm,1
‘kiki,1
bitch1,1
double,1
blockd,1
teamin,1
closedmouth,1
owning,1
stinks,1
manners,1
sarujo,1
knife,1
civilized,1
toads,1
86181014,1
gardening,1
48,1
disturbing,1
lyr,1
create,1
monitor,1
dawnseeker,1
pupety,1
toughhead,1
pricks,1
annoying,1
'''group,1
stun,1
beef-witted,1
smart,1
st,1
somethin,1
teach,1
joining,1
doom,1
assholedont',1
awesome,1
caution,1
quality,1
women's,1
judaism,1
blacks,1
ugh,1
truce,1
uuuuuuuuuuuuuuuuuuuuuuuuuuuuuuuuuuuuuuuuuuuuuuuuuuuuuuuuuuuuuuuuuuuuuuuuuuuuu,1
based,1
pisshead,1
infected,1
pissant,1
former,1
hardcore,1
bitches6879123131,1
userzhanzhao,1
writeing,1
chick,1
pussbag,1
arguing,1
wpfa,1
swallowing,1
ronchosthe,1
character,1
alex,1
romemore,1
dewberry,1
нещастно,1
fu-ked,1
gone,1
nnnnniiiiiiga,1
everywhere,1
oops,1
657519017,1
orly,1
belongs,1
yyyyyyyyyyyyyyyyyooooooooooooouuuuuuuuu,1
34638,1
littol,1
kidnap,1
fukk,1
ill-nurtured,1
runt,1
potter,1
terrorists,1
joy,1
bribeu,1
randva,1
translation,1
mr-z,1
countless,1
guildlines,1
awwwwwwwwwwwwwwwwwwwwwwwwwwwwww,1
humbles,1
explodes,1
islamic,1
congratulate,1
diarrhea,1
spilled,1
styleborder,1
inexperienced,1
eduardo,1
duh,1
wekipedia,1
quebecfaggots,1
frothy,1
mentioned,1
ones,1
eric,1
suspected,1
asaulted,1
congratualtions,1
motherfuker,1
student,1
diiiiiiieeeeeeeee,1
texas,1
drooling,1
perhaps,1
mahy,1
prblem,1
‘now,1
fatso,1
resident,1
wut,1
britain,1
essence,1
indrian,1
pet,1
motherfu©king,1
creator,1
noob,1
prom-cous,1
career,1
hawk,1
fuked,1
useful,1
personality,1
1noone,1
motherfuck,1
gub,1
cowboys,1
rancid,1
st47,1
breathing,1
dickyou,1
trite,1
thrown,1
yxz,1
valignmiddle,1
wuld,1
nuttin,1
incompetent,1
acroterion,1
debased,1
duchebag,1
sam,1
yank,1
mike,1
wan'teven,1
arabs,1
stony-hearted,1
dierectly,1
toby,1
as-le,1
hijos,1
queef,1
jat,1
double-standard,1
motherfker,1
stylefont-size,1
wid,1
copy,1
'''hahahahahaha''',1
normal,1
brotther,1
httpmyoperacomaaryanrajputblog,1
nudity,1
nausea,1
west,1
moneyz,1
142179122199,1
mo,1
ni,1
offered,1
wownever,1
quer,1
trees,1
rotten,1
walk,1
youfuckingidiot,1
tryna,1
owned,1
frreaking,1
behave,1
relaxed,1
atheists,1
dipshits,1
members',1
cute,1
popular,1
keyboard,1
suicide,1
broadway’,1
inaccurate,1
28,1
late,1
incredibly,1
omg,1
dickfucker,1
recognition,1
fucka,1
insert,1
meanwhile,1
grind,1
frickin,1
naff,1
revaling,1
islamist,1
smith,1
wake,1
enemies,1
729418892,1
lazy,1
wre,1
timbacktu,1
f-u-c-k,1
rocks,1
office,1
xxxxxxmotherfucker,1
tie-ins,1
looken,1
funnyyou,1
cuntlicker,1
mrs,1
petty,1
biotch,1
pasty,1
association,1
poofter,1
web,1
catechism,1
lib,1
gagin,1
iraqie,1
wrestler,1
weeks,1
yourslef,1
old-style,1
7025171245,1
transsexual,1
suckerdick,1
a-level,1
offff,1
researchers,1
slutty,1
amiss,1
emboldened,1
pakis,1
brazil,1
835,1
2013,1
tiw,1
rectify,1
sissy,1
york,1
trannybangers,1
13,1
obvious,1
donalds,1
placethe,1
bleeding,1
lcis,1
sh,1
woman,1
retard-,1
abroad,1
geneticists,1
fagotsitalic,1
dictator,1
blogger,1
radical,1
prada’,1
breast,1
7119524134,1
creation,1
ajohnson170,1
network,1
vick,1
fml,1
bruh,1
sysop,1
raghead,1
likker,1
uck,1
biches,1
turner,1
thue,1
youdont,1
deside,1
infoalso,1
comics,1
'the,1
21818612250,1
shares,1
eggs,1
anti-bulgarian,1
motherfuccker,1
light,1
texan,1
warm,1
peasant,1
bastards,1
dink,1
fame,1
existed,1
smoked,1
sheep,1
router,1
fock,1
escaping,1
cockered,1
promotes,1
trisomic,1
archive,1
jap,1
vat,1
playground,1
cunnilingus,1
say'',1
ei,1
madre,1
celebrate,1
clicked,1
malformation,1
maker,1
asking,1
cocksucer,1
cow-fucking,1
giggling,1
unholy,1
superiors,1
authentic,1
wimp,1
martinez,1
following,1
71947228,1
badly,1
mothersucker,1
wiped,1
approve,1
disfunctional,1
frozen,1
playa,1
uuuuuuuuuuuuuuuuuuuuuuuuuuuuuuuuuuuuuuuuuuuuuuuuuuuuuuuuuuuuuuuuuuuuuuuuuuuuuuuuuuuuuuuuuuuuuuuuuuuuuuuuuuuuuuuuuuuuuuuuuuuu,1
rag,1
penises,1
yorkers,1
clack-dish,1
naconkantari,1
piss-hole,1
number,1
leg,1
bloodiest,1
milly,1
deal,1
boggish,1
pashtun,1
rapidly,1
balding,1
baby''',1
water,1
terms,1
ravioli,1
boothy,1
impressed,1
diet,1
racial,1
penetrated,1
padding,1
together,1
elements,1
blogmaster,1
patheticrip,1
bharatveer,1
dick-head,1
dog-eating,1
50180208181,1
snatch,1
wakpedia,1
kamehameha,1
stale,1
i'mmmmmmmmmmmmmmmmmmmmmmm,1
muthafucka,1
calf,1
bites,1
extensive,1
lifetime,1
yaaawn,1
producers,1
zminecraft,1
mohammed,1
everytime,1
loads,1
throwing,1
popularity,1
rapping,1
minority,1
karma,1
jeff,1
motherfukkin,1
miles,1
proceed,1
effluvia,1
heritage,1
wussiestop,1
brazilian,1
underaged,1
buuuuuuuuuuuuuuuurned,1
collections,1
fagots,1
poision,1
lemon,1
crapman,1
actual,1
happening,1
apple-john,1
champs,1
usual,1
all''',1
meta-stupid,1
jlatondre,1
pans,1
royal,1
100,1
yard,1
inhabitants,1
fdffe7,1
qualify,1
opportunity,1
hose,1
diff2,1
swinedickk,1
dogshit,1
haji,1
todaywe,1
sinking,1
brain-yuck,1
dinks,1
maturity,1
shared,1
churches,1
declaring,1
gelly,1
mince,1
verifiable,1
per,1
git,1
governing,1
eaters,1
almost,1
neither,1
interactions,1
quick,1
intervei,1
a-hole,1
microwave,1
ozzie,1
fyu,1
idioooot,1
kittens,1
returning,1
fyuck,1
river,1
emits,1
conducted,1
proudly,1
wee,1
tastes,1
slack-jawed,1
liar,1
martin,1
rid,1
becasue,1
sup,1
bakersfield,1
queasy,1
routinehe,1
conservatives,1
86178140114,1
molestes,1
freaks,1
palsy,1
animals,1
helping,1
rubbing,1
pad,1
bhadva-ni's,1
choice,1
uglier,1
chinese,1
ideot,1
farmers,1
tears,1
billions,1
pedophiles,1
ultimately,1
dos,1
curse,1
effin,1
adult,1
bridge,1
bickering,1
unre4l,1
truck,1
deletin,1
oneday,1
wings,1
raveens,1
countries,1
theatre,1
referances,1
cross-dressing,1
bitching,1
uou,1
physics,1
9824832178,1
autistic,1
insititution,1
benighted,1
couse,1
papal,1
blindfold,1
rise,1
sputum,1
illuminati,1
dumbshit,1
dank,1
delte,1
awhile,1
jokes,1
collection,1
sugar,1
except,1
dumd,1
anhero,1
beaten,1
amanda,1
tha,1
cleaning,1
server,1
31st,1
dodge,1
atlan,1
innocent,1
arseholes,1
feeding,1
kitten,1
wouldnt,1
weirdest,1
bat,1
tantrums,1
userguto2003,1
paranoid,1
pounce,1
guides,1
ju,1
critizing,1
works,1
center,1
si,1
zimzalabim,1
drinks,1
safety,1
crosses,1
smash,1
beatdown,1
insight,1
cunthi,1
renta,1
apologe,1
ass-fuckers,1
majorly,1
it'll,1
shitgarbabge,1
gargle,1
choose,1
squirts,1
desert,1
celeb,1
indefinite,1
homos,1
slant-eyed,1
allahu,1
motherfu-ker,1
became,1
roast,1
aidz,1
else's,1
third,1
awards,1
hal,1
sarah,1
rabby,1
died,1
monster,1
studs,1
mountain,1
982086556,1
parts,1
madarchod,1
7424418233,1
pee-wees,1
nowgot,1
sukers''',1
trecking,1
whimsical,1
fridays,1
depraved,1
worker,1
'wikipedia,1
cluebotng,1
hunt,1
noteworthiness,1
community,1
whereas,1
enforce,1
decomposing,1
ginnie,1
mhi,1
dim-witted,1
26,1
jigaboo,1
helen,1
fuck-off-jewish,1
courage,1
salvio,1
rr,1
mobile,1
awsome,1
spy,1
demaistre,1
rear,1
sunday,1
rap's,1
tellin',1
edwards,1
paedofile,1
burned,1
hat,1
lastly,1
finding,1
poo,1
feb,1
austin,1
niggerck,1
kabul,1
movement,1
rep,1
turk,1
poison,1
sue,1
trasing,1
habits,1
haaaaaaaaa,1
amaze,1
refernce,1
shall,1
snake,1
homophobic,1
bug,1
swing,1
55000,1
wikipediachemtrail,1
wishes,1
cop,1
etc,1
fcukin,1
heres,1
douchébag,1
alternative,1
untrustworthy,1
kraut,1
flores,1
suck',1
teh,1
suffocate,1
law,1
coxcomb,1
9,1
nope,1
violently,1
hannucka,1
commies,1
02152007,1
tiptoety’s,1
zhanzhao,1
abusing,1
several,1
instructions,1
nam,1
quote,1
couldn't,1
sodomite,1
cumshitter,1
peple,1
ngger,1
35,1
becaus,1
make-believe,1
silence,1
neejee,1
pats,1
tang,1
teletubbie,1
muthafucker,1
text,1
tuesday,1
crammed,1
charlie,1
jackasses,1
battle,1
bugger,1
tyr,1
'''jforget,1
ancient,1
indias,1
peole,1
release,1
602411151,1
stinking,1
masterminded,1
contentu,1
antics,1
12210614163,1
dihck,1
mayo,1
hoe,1
paxmcdowell,1
mutant,1
spare,1
hrrassing,1
boobs,1
representing,1
taste,1
dressing,1
unblok,1
fornicate,1
3000,1
f-ck,1
blackie,1
megizue,1
yesterday,1
mates',1
resulting,1
cried,1
criminal,1
00,1
gook,1
religious,1
base-court,1
userpage,1
fvck,1
bias,1
grapevine,1
strength,1
senile,1
wips,1
на,1
dck,1
assimilationist,1
portugueses,1
sheet,1
exact,1
thinls,1
atta's,1
merely,1
conservative,1
71747640,1
surrender,1
beasts,1
x-large,1
canadian,1
sykes,1
krauts,1
mrfucking,1
fred,1
epic,1
bothered,1
messiah,1
favourite,1
convulsing,1
1c,1
drinking,1
fagggot,1
fucknig,1
colossal,1
ass-raped,1
fight,1
lumps,1
1241226857,1
emo,1
ohio,1
film,1
impotent,1
turned,1
remind,1
complained,1
pleaze,1
bunny,1
08182006,1
th-bitch,1
chemistry,1
mattythewhite,1
rarghhhh,1
greenpeace,1
hippy,1
caca,1
ox,1
hahahahahhahahahahahahahhahahahaha,1
caps,1
wack,1
bitchdidn't,1
scucci,1
sockmeat,1
ogre,1
biasedyou,1
fucki9ng,1
probly,1
blazing,1
socialist,1
puke-drooling,1
7164646,1
sotp,1
timeon,1
didn’t,1
moose-the'fortyfive',1
unrighteous,1
boil-brained,1
elsewhere,1
ffffffffuuuuuuuuuuuucccccccccccccckkkkkkkkkkkkkkkk,1
slapper,1
2a001ca81802163efffece1acb,1
rent,1
organizations,1
faggotry,1
april,1
constructing,1
palmer,1
republicans,1
neck,1
additional,1
rejoice,1
faggett,1
oink,1
modem,1
mother-fucking,1
fucking-ass,1
comic,1
eff,1
repeatedly,1
sockpuppet,1
departure,1
fuc,1
dealt,1
temper,1
f-ing,1
blew,1
fox,1
cnt,1
deleatin,1
warriors,1
bryte,1
event,1
robs,1
quiet,1
thorough,1
deluded,1
degree,1
blanchardb,1
smashing,1
niiiiiiiiaaaaaaaaggaaaaaaaaaaaaaaaaaaaand,1
fiction,1
hapa,1
permanently,1
weapons,1
richeous,1
mystic,1
sooo,1
30,1
sodomize,1
showing,1
expereince,1
dais,1
gormless,1
kthx,1
headyou,1
load,1
hindi,1
accompanying,1
ferries,1
yeh,1
criminals,1
mix,1
userboxes,1
hore,1
ch,1
playground',1
bitchyou,1
revulsion,1
boner,1
vant,1
zillion,1
places,1
articlewe,1
jobless,1
insatiable,1
houses,1
indefinitely,1
impossible,1
trd,1
crook-pated,1
powerful,1
poopoo,1
embarrassment,1
testes,1
cops,1
perverted,1
boggle,1
тебе,1
edition,1
fuckyourself,1
dad's,1
inline,1
erase,1
grease,1
system,1
spewing,1
fo,1
derived,1
handle,1
—,1
involve,1
mouse,1
schengen,1
standing,1
plastic,1
hatecrimeorg,1
appears,1
fuccin,1
sincerely,1
dqwelj,1
quasar,1
angry,1
sperm,1
stifle,1
711,1
sung,1
speach,1
proceeds,1
jumped,1
shoving,1
unconstructive,1
commit,1
soooo,1
nerdskanichiwa,1
dealing,1
begging,1
ghirlor,1
insensate,1
marcus,1
fungus,1
fricken,1
lends,1
dishonored,1
gasbag,1
usertalkbhadanisamir,1
screwed,1
leprous,1
proabivouac,1
hos,1
ignoramus,1
would've,1
sane,1
smack,1
britney,1
glory,1
addressed,1
tendansies,1
bitchwelcome,1
gentlemen,1
cattle,1
deadliest,1
bettr,1
shouldnt,1
wahahaha,1
sired,1
abysmal,1
cyber,1
parties,1
wpv,1
ahve,1
killings,1
undarstand,1
kindly,1
expensive,1
niggr,1
weekend,1
avenge,1
wednesday,1
vicious,1
23,1
smyou,1
dream,1
911,1
1552,1
text''',1
boom,1
sing,1
nuked,1
annoyin,1
guttyboy3daolcom,1
tonite,1
donation,1
pursue,1
aristocrats,1
everyone's,1
14,1
alive,1
brainless,1
favorable,1
0,1
hath,1
motherfucker's,1
ice,1
threaten,1
unlike,1
securi,1
facehomoasswipesuck,1
processes,1
sarcastic,1
lecturing,1
straps,1
1731349163,1
stereotyping,1
shame,1
cvnt,1
canadianlinuxuser,1
fuckk,1
jermey,1
pseudomonas,1
viking,1
changon,1
plus,1
insane,1
prevent,1
grader,1
dodgy,1
hermit,1
whatpunk,1
uncleg,1
mel,1
frustrated,1
pratting,1
scholarly,1
motherfuckin',1
jolly,1
birth,1
sikhs,1
selfish,1
'''usertalkbhadanikrazy,1
earthquake,1
undo,1
500000,1
awwwwwwwwwwwwwwwwwwwwwwwwwwwwwwwwwwwwwwwwwwwwww211285473,1
unfortunate,1
fuckiest,1
despise,1
neighbors,1
reported,1
mar,1
thinking,1
pressing,1
balanced,1
slant,1
youl,1
a4,1
940,1
addition,1
snipped,1
mcewan,1
itll,1
200000,1
jw21,1
canker,1
overstatement,1
textfukin,1
paga,1
proper,1
oregonian,1
compensate,1
becuse,1
'''fuking,1
known,1
gifted,1
dense,1
anotehr,1
readythe,1
httptwittercomphoenixreporter,1
spastic,1
basturd,1
form,1
evryday,1
muyou,1
perma,1
bits,1
chriso,1
meathead,1
dogo,1
situshpakistani,1
browsing,1
лайно,1
travelling,1
syndrome,1
gavin,1
abuser,1
maggot-pie,1
vague,1
glorious,1
friendship,1
destroy,1
dads,1
interview,1
hellhole,1
lager,1
“the,1
persian,1
thai,1
granny,1
excetement,1
smh,1
dipshit,1
uh,1
offal,1
dickheadgetthe,1
coulter,1
limey,1
ejaculates,1
joseph,1
louieville,1
shud,1
saturday,1
blatantly,1
kthnxbai,1
brought,1
proxy's,1
fuckersitalic,1
similar,1
dropping,1
nose,1
locate's,1
tool,1
'''well,1
sucker''',1
requirement,1
dildos,1
sincerly,1
heel,1
property,1
7,1
3you,1
acceptance,1
whohe,1
linked,1
censored,1
vomits,1
ignore,1
movy,1
lepers,1
simply,1
hypocritical,1
f'uck,1
poop,1
invade,1
libraries,1
ти,1
wireless,1
sauce,1
paschmitts,1
200,1
heartbeat,1
starightwhatever,1
ranges,1
motherfuckerthere,1
bum-bailey,1
persecuted,1
reap,1
artless,1
rats,1
male,1
threat,1
chestop,1
album,1
half-wit,1
lahiruk,1
ahmed,1
specifically,1
gta,1
heating,1
filth,1
dickipedia,1
548,1
permissian,1
flesh,1
delusional,1
morrons,1
motherfckers,1
neccisaryly,1
pleasure,1
phallus,1
nob,1
life',1
inactive,1
shitfucker,1
morning,1
chump,1
walrus,1
dubya,1
еба,1
abusers,1
lpd,1
micropenises,1
resigned,1
cursed,1
tolerated,1
dwarf,1
holy,1
leftover,1
truthful,1
patrisio,1
chaos,1
wots,1
topic,1
melodic,1
laws,1
cavorting,1
wanting,1
lines,1
wallpaper,1
jschnur,1
difference,1
initially,1
consequences,1
lust,1
dienew,1
pause,1
shitskin,1
джингибинги,1
hamster,1
glasses,1
sarcasticidealist,1
cmummert,1
wiki-river,1
herders,1
oregon,1
hesitate,1
weeeelllll,1
cd,1
nau,1
channel,1
insanei,1
anti-american,1
chumps,1
dictatorships,1
walks,1
cafe,1
negative,1
youi,1
maddox,1
shittttttttttttttttttttttttttttt,1
civilisations,1
melon,1
pulp,1
rajputwhy,1
regularly,1
toyspram,1
ballsdick,1
niger,1
legitimate,1
nuisance,1
hobo,1
aussie,1
jazusamo,1
servers,1
amature,1
consume,1
fked,1
ah,1
budist,1
trivia,1
cuntbag,1
smarmy,1
engaged,1
reflection,1
satisfaction,1
expect,1
re-did,1
sencerily,1
wateva,1
yamla,1
benifits,1
breakfast,1
marriage,1
accomplices,1
lately,1
moms,1
knows,1
can’t,1
abc,1
lies,1
personuser,1
beating,1
intensive,1
capitalize,1
worldwide,1
guessing,1
loved,1
hanging,1
twofer,1
surprise,1
goodye,1
sanctuary,1
cooks,1
logic,1
perfect,1
wkipedia,1
melissa,1
disrespectful,1
specific,1
cad,1
да,1
annoys,1
paid,1
patience,1
dusting,1
jerkoff,1
defending,1
intelligence,1
grimy,1
autograph's,1
kitfo,1
shalom,1
plain,1
majestic,1
mothafuka,1
sexless,1
b-i-o-t-c-h,1
contribution,1
pulpyou,1
fuckign,1
program,1
profoundest,1
flap-mouthed,1
moralsize,1
traitor,1
userfactual80man,1
unt,1
ho,1
worded,1
israeli,1
groups,1
lyf,1
frankie,1
butthole,1
enforcement,1
shaka,1
uncertain,1
thatand,1
drawing,1
lessons,1
willy-nilly,1
corrupted,1
remain,1
titty,1
banner,1
oohh,1
yoooooooooooooooouuuuuuuuuuuuuuuuuuuuuu,1
belonging,1
css,1
bam,1
bak,1
spears,1
psychopath,1
intelligent,1
isp,1
yr,1
asten,1
dickbreath,1
admit,1
wifi,1
notified,1
manage,1
02222007,1
dog's,1
dimension,1
bh,1
fuckiing,1
join,1
foal,1
fobbing,1
chargerzzzzzzzzzzzzzzzzz,1
idle-headed,1
greenmaven,1
mongrose,1
farmer,1
wetback,1
mid-day,1
f-off,1
golf,1
jose,1
thatyou,1
five,1
indiscriminately,1
nature,1
shitter,1
checks,1
menew,1
curdled,1
destroyed,1
bod,1
changes,1
drive,1
refute,1
kills,1
misleading,1
short,1
barnstar,1
tan031993,1
turkic,1
url,1
wrestlehe's,1
savagely,1
la,1
pedro,1
disagreed,1
swuck,1
nag,1
behenchod,1
mum's,1
responses,1
breath,1
gimme,1
strictly,1
historyi,1
cntrbtns,1
24611952,1
gettin,1
involved,1
mathrfuker,1
flap,1
misinform,1
unnecessary,1
talkpage,1
balked,1
compkete,1
youfuck,1
amusement,1
sleeping,1
leonel,1
ancestor,1
highly,1
'watch',1
bigest,1
barf,1
rejects,1
meeting,1
waggers,1
wisei,1
creamin,1
idiotloser,1
preventing,1
return,1
fucko,1
ramps,1
tyler,1
firearms,1
upvv,1
ridiculous,1
sehwag,1
leari,1
staggering,1
leader,1
creat,1
riot,1
profane,1
ultimate,1
quicknetthe,1
pinko,1
sould,1
cross,1
subject,1
surgery,1
nihgga,1
nuts,1
they've,1
senses,1
ran,1
parting,1
meant,1
date,1
680119139,1
dice,1
kashmir,1
quif,1
afghanistan,1
anymore,1
bleac,1
drool,1
adults,1
retarder,1
asyou,1
anti-janner,1
5997199,1
cockus,1
delanoy,1
lanka,1
dolescum,1
solving,1
andrex,1
dwelling,1
gauge,1
unprofitable,1
haiti,1
template,1
smeared,1
worth,1
milltown,1
jizz,1
liberty,1
honestly,1
baked,1
piss-poor,1
jacking,1
peace,1
silliness,1
hed,1
hoo,1
0552,1
dabiggestitaliano,1
existing,1
fuker,1
church,1
chili,1
mighty,1
exhume,1
spider,1
vaudeville,1
fucck,1
carmegenon,1
vomit,1
self-important,1
retract,1
ruin,1
stab,1
arsehole,1
gaaaaaaaaaaaaaaay,1
palin,1
arminian,1
bejust,1
ocean,1
amide,1
deceased,1
haven,1
felt,1
dickbag,1
earlobe,1
coverage,1
traffic,1
disrupt,1
nnnnnnnnigga,1
moda,1
grotty,1
figures,1
excepting,1
emphasis,1
un-edit,1
disease,1
delted,1
plank,1
tons,1
hott,1
soccer,1
jats,1
confetti,1
9913514418,1
registered,1
rabbyahmedmusa,1
expressions,1
invest,1
httpebadgujarcomhistoryhtml,1
readers,1
wikipedaphile,1
pen,1
patients,1
deserving,1
unqualified,1
wikiprojectaircraft,1
'''hahahahahahaha''',1
unwarranted,1
wikiadmins,1
bangs,1
asinine,1
display,1
fucky,1
86179113103,1
pure,1
jokea,1
insist,1
'sock,1
майна,1
mail,1
blinking,1
eh,1
winston,1
92232021,1
-me,1
68205182184,1
pious,1
spread,1
piles,1
twisted,1
queir,1
function,1
retentive,1
retyc,1
brainmjohn,1
supports,1
bottomley,1
listened,1
created,1
scratch,1
how's,1
wasn't,1
goertz,1
award,1
bold,1
liccking,1
motha,1
fcuking,1
goodbye,1
bear,1
summaries,1
you1,1
walking,1
vandilaze,1
raper,1
neutrons,1
stretched,1
fans,1
ensiferum,1
coon,1
team,1
wuz,1
dignity,1
disgraced,1
contacting,1
knobhead,1
dickhole,1
meaningful,1
hudge,1
chootiya,1
israel,1
clown,1
rule,1
nig-nog,1
antiheros,1
planet,1
height,1
blind,1
kfar,1
castes,1
pink,1
12913099132,1
rightß,1
shes,1
outso,1
opinons,1
story,1
25,1
via,1
wouldn’t,1
cyberspace,1
suprisingly,1
one-handed,1
failed,1
piggy,1
offthen,1
strippers,1
border-top,1
belcher,1
prostitutes,1
cutkd,1
warring,1
cooger,1
denier,1
pop,1
fuckinmg,1
favioe,1
0025,1
launch,1
wrold,1
cud,1
yor,1
ryan,1
korea-centric,1
wrinkled,1
wikipeia,1
primordial,1
tide,1
czeckoslovacian,1
flirt-gill,1
roy,1
crying,1
droolen,1
reject,1
suk,1
simple,1
error,1
gop,1
cbc,1
nyer,1
dung,1
random,1
gardeningand,1
languages,1
thanks6811820249,1
'''hahahahahahahahahahahaahaha''',1
eight,1
covered,1
understatement,1
seperate,1
spam,1
outta,1
mayes,1
welcome,1
recently,1
train,1
college,1
jury,1
ass''',1
fellow,1
priest,1
'fuck,1
churlish,1
species,1
abacus,1
fagot,1
understands,1
usertalkbhadanilost,1
pooper,1
realise,1
incessant,1
cunthole,1
printed,1
fragment,1
flimsy,1
slime,1
b1tch124180159192,1
sux,1
protect,1
bullpenis,1
fvcking,1
shit211285473,1
trans-stupid,1
experiment,1
taliban,1
hinduist,1
heavyweight,1
supermarioman,1
scheduled,1
buffoon,1
nicola,1
innappropriate,1
fuckass,1
official,1
1924322718,1
touching,1
3rr,1
rights,1
defense,1
wimpy,1
cultural,1
typically,1
pestering,1
deficient,1
comin,1
vandolism,1
clouds,1
alleged,1
shagger,1
left-facing,1
obsessed,1
void,1
tree,1
blows,1
rants,1
yandman's,1
deride,1
symoble,1
ancestryfuck-off,1
twist,1
dating,1
animation,1
urdu,1
11em,1
disputed,1
luved,1
galaxy,1
craven,1
cease,1
unpopular,1
fakes76223244183,1
teamed,1
che,1
путката,1
akbar,1
du,1
bleating,1
dankish,1
sadly,1
media,1
fes,1
spinning,1
politely,1
decision,1
bitsh,1
brappage,1
guzzling,1
anarchist,1
pictures,1
desevere,1
offline,1
chainsaw,1
jonhson,1
episode,1
alonmg,1
disruptive,1
empty,1
nutsack,1
undoing,1
swift,1
motehrfucker,1
burp,1
trace,1
abandoned,1
z,1
att,1
rulers,1
sayonarra,1
noise,1
mouths,1
dick-sucking,1
guttyboy3d,1
suppporter,1
shitu,1
esophagus,1
tolerateu,1
lame,1
correctly,1
thi,1
cheap,1
skills,1
-steve,1
men's,1
septillions,1
nhl,1
rican,1
islams,1
originally,1
battles,1
faggotttttttttttt,1
cadet,1
aitias,1
eliminationalist,1
mom'll,1
'editing',1
salivating,1
special,1
blowjobs,1
dear,1
importantly,1
administrate,1
awake,1
arent,1
clotpole,1
dreamland,1
dec,1
skull,1
material,1
4do,1
momk,1
upv,1
luanda,1
wu,1
itcuz,1
rotting,1
abused,1
seaking,1
beliefs,1
pride,1
difficult,1
lame-brained,1
assholesuck,1
liners,1
truly,1
c-ment,1
wale,1
miss,1
wrinkly,1
impotence,1
shoves,1
terrorist,1
exercised,1
weed-smoking,1
hellyoutube,1
cockmuncher,1
smears,1
towards,1
walker,1
rewrote,1
bsrboy's,1
winger,1
testing,1
evn,1
histroy,1
fu,1
californian,1
ginzo,1
flaming,1
let's,1
'history',1
exist,1
trpod,1
hamsterbold,1
fucers,1
variety,1
pointing,1
topics,1
hehe,1
measure,1
ties,1
you1111,1
contributed,1
wheels,1
officer,1
fuckstick,1
conway,1
bitchy,1
1821624042,1
snail-skulled,1
communes,1
dreaded,1
eidt,1
pale,1
allow,1
c0cksucking,1
